-- MySQL dump 10.13  Distrib 8.0.44, for Win64 (x86_64)
--
-- Host: localhost    Database: 2erronka
-- ------------------------------------------------------
-- Server version	8.0.44

/*!40101 SET @OLD_CHARACTER_SET_CLIENT=@@CHARACTER_SET_CLIENT */;
/*!40101 SET @OLD_CHARACTER_SET_RESULTS=@@CHARACTER_SET_RESULTS */;
/*!40101 SET @OLD_COLLATION_CONNECTION=@@COLLATION_CONNECTION */;
/*!50503 SET NAMES utf8 */;
/*!40103 SET @OLD_TIME_ZONE=@@TIME_ZONE */;
/*!40103 SET TIME_ZONE='+00:00' */;
/*!40014 SET @OLD_UNIQUE_CHECKS=@@UNIQUE_CHECKS, UNIQUE_CHECKS=0 */;
/*!40014 SET @OLD_FOREIGN_KEY_CHECKS=@@FOREIGN_KEY_CHECKS, FOREIGN_KEY_CHECKS=0 */;
/*!40101 SET @OLD_SQL_MODE=@@SQL_MODE, SQL_MODE='NO_AUTO_VALUE_ON_ZERO' */;
/*!40111 SET @OLD_SQL_NOTES=@@SQL_NOTES, SQL_NOTES=0 */;

--
-- Table structure for table `cache`
--

DROP TABLE IF EXISTS `cache`;
/*!40101 SET @saved_cs_client     = @@character_set_client */;
/*!50503 SET character_set_client = utf8mb4 */;
CREATE TABLE `cache` (
  `key` varchar(255) CHARACTER SET utf8mb4 COLLATE utf8mb4_unicode_ci NOT NULL,
  `value` mediumtext CHARACTER SET utf8mb4 COLLATE utf8mb4_unicode_ci NOT NULL,
  `expiration` int NOT NULL,
  PRIMARY KEY (`key`)
) ENGINE=InnoDB DEFAULT CHARSET=utf8mb4 COLLATE=utf8mb4_unicode_ci;
/*!40101 SET character_set_client = @saved_cs_client */;

--
-- Dumping data for table `cache`
--

LOCK TABLES `cache` WRITE;
/*!40000 ALTER TABLE `cache` DISABLE KEYS */;
INSERT INTO `cache` VALUES ('novabite-cache-399cf7c111772ad217eef84d65becbec','i:1;',1776426051),('novabite-cache-399cf7c111772ad217eef84d65becbec:timer','i:1776426051;',1776426051),('novabite-cache-4555a872c5531229820383820e6b1bc7','i:1;',1776704444),('novabite-cache-4555a872c5531229820383820e6b1bc7:timer','i:1776704444;',1776704444),('novabite-cache-57cb739c68f6cffe7c5b005d5e19a5f6','i:1;',1776772567),('novabite-cache-57cb739c68f6cffe7c5b005d5e19a5f6:timer','i:1776772567;',1776772567),('novabite-cache-7060b29691df04d247a9143dafaaf367','i:1;',1776772638),('novabite-cache-7060b29691df04d247a9143dafaaf367:timer','i:1776772638;',1776772638),('novabite-cache-cf5dc285409235009d35f3423125e990','i:1;',1776756726),('novabite-cache-cf5dc285409235009d35f3423125e990:timer','i:1776756726;',1776756726),('novabite-cache-ebf210985f26e221524aa338349898ae','i:1;',1776770579),('novabite-cache-ebf210985f26e221524aa338349898ae:timer','i:1776770579;',1776770579),('novabite-cache-meteo:ordizia:2026042019','a:9:{s:8:\"latitude\";d:43.05;s:9:\"longitude\";d:-2.1800003;s:17:\"generationtime_ms\";d:0.15115737915039062;s:18:\"utc_offset_seconds\";i:7200;s:8:\"timezone\";s:13:\"Europe/Madrid\";s:21:\"timezone_abbreviation\";s:5:\"GMT+2\";s:9:\"elevation\";d:144;s:12:\"hourly_units\";a:3:{s:4:\"time\";s:7:\"iso8601\";s:13:\"precipitation\";s:2:\"mm\";s:25:\"precipitation_probability\";s:1:\"%\";}s:6:\"hourly\";a:3:{s:4:\"time\";a:72:{i:0;s:16:\"2026-04-20T00:00\";i:1;s:16:\"2026-04-20T01:00\";i:2;s:16:\"2026-04-20T02:00\";i:3;s:16:\"2026-04-20T03:00\";i:4;s:16:\"2026-04-20T04:00\";i:5;s:16:\"2026-04-20T05:00\";i:6;s:16:\"2026-04-20T06:00\";i:7;s:16:\"2026-04-20T07:00\";i:8;s:16:\"2026-04-20T08:00\";i:9;s:16:\"2026-04-20T09:00\";i:10;s:16:\"2026-04-20T10:00\";i:11;s:16:\"2026-04-20T11:00\";i:12;s:16:\"2026-04-20T12:00\";i:13;s:16:\"2026-04-20T13:00\";i:14;s:16:\"2026-04-20T14:00\";i:15;s:16:\"2026-04-20T15:00\";i:16;s:16:\"2026-04-20T16:00\";i:17;s:16:\"2026-04-20T17:00\";i:18;s:16:\"2026-04-20T18:00\";i:19;s:16:\"2026-04-20T19:00\";i:20;s:16:\"2026-04-20T20:00\";i:21;s:16:\"2026-04-20T21:00\";i:22;s:16:\"2026-04-20T22:00\";i:23;s:16:\"2026-04-20T23:00\";i:24;s:16:\"2026-04-21T00:00\";i:25;s:16:\"2026-04-21T01:00\";i:26;s:16:\"2026-04-21T02:00\";i:27;s:16:\"2026-04-21T03:00\";i:28;s:16:\"2026-04-21T04:00\";i:29;s:16:\"2026-04-21T05:00\";i:30;s:16:\"2026-04-21T06:00\";i:31;s:16:\"2026-04-21T07:00\";i:32;s:16:\"2026-04-21T08:00\";i:33;s:16:\"2026-04-21T09:00\";i:34;s:16:\"2026-04-21T10:00\";i:35;s:16:\"2026-04-21T11:00\";i:36;s:16:\"2026-04-21T12:00\";i:37;s:16:\"2026-04-21T13:00\";i:38;s:16:\"2026-04-21T14:00\";i:39;s:16:\"2026-04-21T15:00\";i:40;s:16:\"2026-04-21T16:00\";i:41;s:16:\"2026-04-21T17:00\";i:42;s:16:\"2026-04-21T18:00\";i:43;s:16:\"2026-04-21T19:00\";i:44;s:16:\"2026-04-21T20:00\";i:45;s:16:\"2026-04-21T21:00\";i:46;s:16:\"2026-04-21T22:00\";i:47;s:16:\"2026-04-21T23:00\";i:48;s:16:\"2026-04-22T00:00\";i:49;s:16:\"2026-04-22T01:00\";i:50;s:16:\"2026-04-22T02:00\";i:51;s:16:\"2026-04-22T03:00\";i:52;s:16:\"2026-04-22T04:00\";i:53;s:16:\"2026-04-22T05:00\";i:54;s:16:\"2026-04-22T06:00\";i:55;s:16:\"2026-04-22T07:00\";i:56;s:16:\"2026-04-22T08:00\";i:57;s:16:\"2026-04-22T09:00\";i:58;s:16:\"2026-04-22T10:00\";i:59;s:16:\"2026-04-22T11:00\";i:60;s:16:\"2026-04-22T12:00\";i:61;s:16:\"2026-04-22T13:00\";i:62;s:16:\"2026-04-22T14:00\";i:63;s:16:\"2026-04-22T15:00\";i:64;s:16:\"2026-04-22T16:00\";i:65;s:16:\"2026-04-22T17:00\";i:66;s:16:\"2026-04-22T18:00\";i:67;s:16:\"2026-04-22T19:00\";i:68;s:16:\"2026-04-22T20:00\";i:69;s:16:\"2026-04-22T21:00\";i:70;s:16:\"2026-04-22T22:00\";i:71;s:16:\"2026-04-22T23:00\";}s:13:\"precipitation\";a:72:{i:0;d:0;i:1;d:0;i:2;d:0;i:3;d:0;i:4;d:0;i:5;d:0;i:6;d:0;i:7;d:0;i:8;d:0;i:9;d:0;i:10;d:0;i:11;d:0;i:12;d:0;i:13;d:0;i:14;d:0;i:15;d:0;i:16;d:0;i:17;d:0;i:18;d:0;i:19;d:0;i:20;d:0;i:21;d:0;i:22;d:0;i:23;d:0;i:24;d:0;i:25;d:0;i:26;d:0;i:27;d:0;i:28;d:0;i:29;d:0;i:30;d:0;i:31;d:0;i:32;d:0;i:33;d:0;i:34;d:0;i:35;d:0;i:36;d:0;i:37;d:0;i:38;d:0;i:39;d:0;i:40;d:0;i:41;d:0;i:42;d:0;i:43;d:0;i:44;d:0;i:45;d:0;i:46;d:0;i:47;d:0;i:48;d:0;i:49;d:0;i:50;d:0;i:51;d:0;i:52;d:0;i:53;d:0;i:54;d:0;i:55;d:0;i:56;d:0;i:57;d:0;i:58;d:0;i:59;d:0;i:60;d:0;i:61;d:0;i:62;d:0;i:63;d:0;i:64;d:0;i:65;d:0;i:66;d:0;i:67;d:0;i:68;d:0;i:69;d:0;i:70;d:0;i:71;d:0;}s:25:\"precipitation_probability\";a:72:{i:0;i:0;i:1;i:0;i:2;i:0;i:3;i:0;i:4;i:3;i:5;i:3;i:6;i:5;i:7;i:0;i:8;i:5;i:9;i:3;i:10;i:0;i:11;i:0;i:12;i:0;i:13;i:0;i:14;i:8;i:15;i:20;i:16;i:5;i:17;i:3;i:18;i:0;i:19;i:0;i:20;i:0;i:21;i:0;i:22;i:0;i:23;i:0;i:24;i:3;i:25;i:5;i:26;i:0;i:27;i:5;i:28;i:0;i:29;i:0;i:30;i:0;i:31;i:0;i:32;i:0;i:33;i:0;i:34;i:0;i:35;i:0;i:36;i:0;i:37;i:0;i:38;i:0;i:39;i:3;i:40;i:13;i:41;i:28;i:42;i:43;i:43;i:15;i:44;i:23;i:45;i:25;i:46;i:13;i:47;i:10;i:48;i:5;i:49;i:8;i:50;i:5;i:51;i:0;i:52;i:0;i:53;i:0;i:54;i:0;i:55;i:0;i:56;i:0;i:57;i:0;i:58;i:0;i:59;i:0;i:60;i:0;i:61;i:0;i:62;i:3;i:63;i:2;i:64;i:1;i:65;i:0;i:66;i:0;i:67;i:0;i:68;i:0;i:69;i:0;i:70;i:0;i:71;i:0;}}}',1776702756),('novabite-cache-meteo:ordizia:2026042020','a:9:{s:8:\"latitude\";d:43.05;s:9:\"longitude\";d:-2.1800003;s:17:\"generationtime_ms\";d:0.10669231414794922;s:18:\"utc_offset_seconds\";i:7200;s:8:\"timezone\";s:13:\"Europe/Madrid\";s:21:\"timezone_abbreviation\";s:5:\"GMT+2\";s:9:\"elevation\";d:144;s:12:\"hourly_units\";a:3:{s:4:\"time\";s:7:\"iso8601\";s:13:\"precipitation\";s:2:\"mm\";s:25:\"precipitation_probability\";s:1:\"%\";}s:6:\"hourly\";a:3:{s:4:\"time\";a:72:{i:0;s:16:\"2026-04-20T00:00\";i:1;s:16:\"2026-04-20T01:00\";i:2;s:16:\"2026-04-20T02:00\";i:3;s:16:\"2026-04-20T03:00\";i:4;s:16:\"2026-04-20T04:00\";i:5;s:16:\"2026-04-20T05:00\";i:6;s:16:\"2026-04-20T06:00\";i:7;s:16:\"2026-04-20T07:00\";i:8;s:16:\"2026-04-20T08:00\";i:9;s:16:\"2026-04-20T09:00\";i:10;s:16:\"2026-04-20T10:00\";i:11;s:16:\"2026-04-20T11:00\";i:12;s:16:\"2026-04-20T12:00\";i:13;s:16:\"2026-04-20T13:00\";i:14;s:16:\"2026-04-20T14:00\";i:15;s:16:\"2026-04-20T15:00\";i:16;s:16:\"2026-04-20T16:00\";i:17;s:16:\"2026-04-20T17:00\";i:18;s:16:\"2026-04-20T18:00\";i:19;s:16:\"2026-04-20T19:00\";i:20;s:16:\"2026-04-20T20:00\";i:21;s:16:\"2026-04-20T21:00\";i:22;s:16:\"2026-04-20T22:00\";i:23;s:16:\"2026-04-20T23:00\";i:24;s:16:\"2026-04-21T00:00\";i:25;s:16:\"2026-04-21T01:00\";i:26;s:16:\"2026-04-21T02:00\";i:27;s:16:\"2026-04-21T03:00\";i:28;s:16:\"2026-04-21T04:00\";i:29;s:16:\"2026-04-21T05:00\";i:30;s:16:\"2026-04-21T06:00\";i:31;s:16:\"2026-04-21T07:00\";i:32;s:16:\"2026-04-21T08:00\";i:33;s:16:\"2026-04-21T09:00\";i:34;s:16:\"2026-04-21T10:00\";i:35;s:16:\"2026-04-21T11:00\";i:36;s:16:\"2026-04-21T12:00\";i:37;s:16:\"2026-04-21T13:00\";i:38;s:16:\"2026-04-21T14:00\";i:39;s:16:\"2026-04-21T15:00\";i:40;s:16:\"2026-04-21T16:00\";i:41;s:16:\"2026-04-21T17:00\";i:42;s:16:\"2026-04-21T18:00\";i:43;s:16:\"2026-04-21T19:00\";i:44;s:16:\"2026-04-21T20:00\";i:45;s:16:\"2026-04-21T21:00\";i:46;s:16:\"2026-04-21T22:00\";i:47;s:16:\"2026-04-21T23:00\";i:48;s:16:\"2026-04-22T00:00\";i:49;s:16:\"2026-04-22T01:00\";i:50;s:16:\"2026-04-22T02:00\";i:51;s:16:\"2026-04-22T03:00\";i:52;s:16:\"2026-04-22T04:00\";i:53;s:16:\"2026-04-22T05:00\";i:54;s:16:\"2026-04-22T06:00\";i:55;s:16:\"2026-04-22T07:00\";i:56;s:16:\"2026-04-22T08:00\";i:57;s:16:\"2026-04-22T09:00\";i:58;s:16:\"2026-04-22T10:00\";i:59;s:16:\"2026-04-22T11:00\";i:60;s:16:\"2026-04-22T12:00\";i:61;s:16:\"2026-04-22T13:00\";i:62;s:16:\"2026-04-22T14:00\";i:63;s:16:\"2026-04-22T15:00\";i:64;s:16:\"2026-04-22T16:00\";i:65;s:16:\"2026-04-22T17:00\";i:66;s:16:\"2026-04-22T18:00\";i:67;s:16:\"2026-04-22T19:00\";i:68;s:16:\"2026-04-22T20:00\";i:69;s:16:\"2026-04-22T21:00\";i:70;s:16:\"2026-04-22T22:00\";i:71;s:16:\"2026-04-22T23:00\";}s:13:\"precipitation\";a:72:{i:0;d:0;i:1;d:0;i:2;d:0;i:3;d:0;i:4;d:0;i:5;d:0;i:6;d:0;i:7;d:0;i:8;d:0;i:9;d:0;i:10;d:0;i:11;d:0;i:12;d:0;i:13;d:0;i:14;d:0;i:15;d:0;i:16;d:0;i:17;d:0;i:18;d:0;i:19;d:0;i:20;d:0;i:21;d:0;i:22;d:0;i:23;d:0;i:24;d:0.1;i:25;d:0;i:26;d:0;i:27;d:0;i:28;d:0;i:29;d:0;i:30;d:0;i:31;d:0;i:32;d:0;i:33;d:0;i:34;d:0;i:35;d:0;i:36;d:0;i:37;d:0;i:38;d:0;i:39;d:0;i:40;d:0;i:41;d:0;i:42;d:0;i:43;d:0;i:44;d:0;i:45;d:0;i:46;d:0;i:47;d:0;i:48;d:0;i:49;d:0;i:50;d:0;i:51;d:0;i:52;d:0;i:53;d:0;i:54;d:0;i:55;d:0;i:56;d:0;i:57;d:0;i:58;d:0;i:59;d:0;i:60;d:0;i:61;d:0;i:62;d:0;i:63;d:0;i:64;d:0;i:65;d:0;i:66;d:0;i:67;d:0;i:68;d:0;i:69;d:0;i:70;d:0;i:71;d:0;}s:25:\"precipitation_probability\";a:72:{i:0;i:0;i:1;i:0;i:2;i:0;i:3;i:0;i:4;i:3;i:5;i:3;i:6;i:5;i:7;i:0;i:8;i:5;i:9;i:3;i:10;i:0;i:11;i:0;i:12;i:0;i:13;i:0;i:14;i:8;i:15;i:20;i:16;i:5;i:17;i:3;i:18;i:0;i:19;i:0;i:20;i:0;i:21;i:0;i:22;i:0;i:23;i:0;i:24;i:3;i:25;i:5;i:26;i:0;i:27;i:5;i:28;i:0;i:29;i:0;i:30;i:0;i:31;i:0;i:32;i:0;i:33;i:0;i:34;i:0;i:35;i:0;i:36;i:0;i:37;i:0;i:38;i:0;i:39;i:3;i:40;i:13;i:41;i:28;i:42;i:43;i:43;i:15;i:44;i:23;i:45;i:25;i:46;i:13;i:47;i:10;i:48;i:5;i:49;i:8;i:50;i:5;i:51;i:0;i:52;i:0;i:53;i:0;i:54;i:0;i:55;i:0;i:56;i:0;i:57;i:0;i:58;i:0;i:59;i:0;i:60;i:0;i:61;i:0;i:62;i:3;i:63;i:2;i:64;i:1;i:65;i:0;i:66;i:0;i:67;i:0;i:68;i:0;i:69;i:0;i:70;i:0;i:71;i:0;}}}',1776706307),('novabite-cache-meteo:ordizia:2026042021','a:9:{s:8:\"latitude\";d:43.05;s:9:\"longitude\";d:-2.1800003;s:17:\"generationtime_ms\";d:0.18286705017089844;s:18:\"utc_offset_seconds\";i:7200;s:8:\"timezone\";s:13:\"Europe/Madrid\";s:21:\"timezone_abbreviation\";s:5:\"GMT+2\";s:9:\"elevation\";d:144;s:12:\"hourly_units\";a:3:{s:4:\"time\";s:7:\"iso8601\";s:13:\"precipitation\";s:2:\"mm\";s:25:\"precipitation_probability\";s:1:\"%\";}s:6:\"hourly\";a:3:{s:4:\"time\";a:72:{i:0;s:16:\"2026-04-20T00:00\";i:1;s:16:\"2026-04-20T01:00\";i:2;s:16:\"2026-04-20T02:00\";i:3;s:16:\"2026-04-20T03:00\";i:4;s:16:\"2026-04-20T04:00\";i:5;s:16:\"2026-04-20T05:00\";i:6;s:16:\"2026-04-20T06:00\";i:7;s:16:\"2026-04-20T07:00\";i:8;s:16:\"2026-04-20T08:00\";i:9;s:16:\"2026-04-20T09:00\";i:10;s:16:\"2026-04-20T10:00\";i:11;s:16:\"2026-04-20T11:00\";i:12;s:16:\"2026-04-20T12:00\";i:13;s:16:\"2026-04-20T13:00\";i:14;s:16:\"2026-04-20T14:00\";i:15;s:16:\"2026-04-20T15:00\";i:16;s:16:\"2026-04-20T16:00\";i:17;s:16:\"2026-04-20T17:00\";i:18;s:16:\"2026-04-20T18:00\";i:19;s:16:\"2026-04-20T19:00\";i:20;s:16:\"2026-04-20T20:00\";i:21;s:16:\"2026-04-20T21:00\";i:22;s:16:\"2026-04-20T22:00\";i:23;s:16:\"2026-04-20T23:00\";i:24;s:16:\"2026-04-21T00:00\";i:25;s:16:\"2026-04-21T01:00\";i:26;s:16:\"2026-04-21T02:00\";i:27;s:16:\"2026-04-21T03:00\";i:28;s:16:\"2026-04-21T04:00\";i:29;s:16:\"2026-04-21T05:00\";i:30;s:16:\"2026-04-21T06:00\";i:31;s:16:\"2026-04-21T07:00\";i:32;s:16:\"2026-04-21T08:00\";i:33;s:16:\"2026-04-21T09:00\";i:34;s:16:\"2026-04-21T10:00\";i:35;s:16:\"2026-04-21T11:00\";i:36;s:16:\"2026-04-21T12:00\";i:37;s:16:\"2026-04-21T13:00\";i:38;s:16:\"2026-04-21T14:00\";i:39;s:16:\"2026-04-21T15:00\";i:40;s:16:\"2026-04-21T16:00\";i:41;s:16:\"2026-04-21T17:00\";i:42;s:16:\"2026-04-21T18:00\";i:43;s:16:\"2026-04-21T19:00\";i:44;s:16:\"2026-04-21T20:00\";i:45;s:16:\"2026-04-21T21:00\";i:46;s:16:\"2026-04-21T22:00\";i:47;s:16:\"2026-04-21T23:00\";i:48;s:16:\"2026-04-22T00:00\";i:49;s:16:\"2026-04-22T01:00\";i:50;s:16:\"2026-04-22T02:00\";i:51;s:16:\"2026-04-22T03:00\";i:52;s:16:\"2026-04-22T04:00\";i:53;s:16:\"2026-04-22T05:00\";i:54;s:16:\"2026-04-22T06:00\";i:55;s:16:\"2026-04-22T07:00\";i:56;s:16:\"2026-04-22T08:00\";i:57;s:16:\"2026-04-22T09:00\";i:58;s:16:\"2026-04-22T10:00\";i:59;s:16:\"2026-04-22T11:00\";i:60;s:16:\"2026-04-22T12:00\";i:61;s:16:\"2026-04-22T13:00\";i:62;s:16:\"2026-04-22T14:00\";i:63;s:16:\"2026-04-22T15:00\";i:64;s:16:\"2026-04-22T16:00\";i:65;s:16:\"2026-04-22T17:00\";i:66;s:16:\"2026-04-22T18:00\";i:67;s:16:\"2026-04-22T19:00\";i:68;s:16:\"2026-04-22T20:00\";i:69;s:16:\"2026-04-22T21:00\";i:70;s:16:\"2026-04-22T22:00\";i:71;s:16:\"2026-04-22T23:00\";}s:13:\"precipitation\";a:72:{i:0;d:0;i:1;d:0;i:2;d:0;i:3;d:0;i:4;d:0;i:5;d:0;i:6;d:0;i:7;d:0;i:8;d:0;i:9;d:0;i:10;d:0;i:11;d:0;i:12;d:0;i:13;d:0;i:14;d:0;i:15;d:0;i:16;d:0;i:17;d:0;i:18;d:0;i:19;d:0;i:20;d:0;i:21;d:0;i:22;d:0;i:23;d:0;i:24;d:0.1;i:25;d:0;i:26;d:0;i:27;d:0;i:28;d:0;i:29;d:0;i:30;d:0;i:31;d:0;i:32;d:0;i:33;d:0;i:34;d:0;i:35;d:0;i:36;d:0;i:37;d:0;i:38;d:0;i:39;d:0;i:40;d:0;i:41;d:0;i:42;d:0;i:43;d:0;i:44;d:0;i:45;d:0;i:46;d:0;i:47;d:0;i:48;d:0;i:49;d:0;i:50;d:0;i:51;d:0;i:52;d:0;i:53;d:0;i:54;d:0;i:55;d:0;i:56;d:0;i:57;d:0;i:58;d:0;i:59;d:0;i:60;d:0;i:61;d:0;i:62;d:0;i:63;d:0;i:64;d:0;i:65;d:0;i:66;d:0;i:67;d:0;i:68;d:0;i:69;d:0;i:70;d:0;i:71;d:0;}s:25:\"precipitation_probability\";a:72:{i:0;i:0;i:1;i:0;i:2;i:0;i:3;i:0;i:4;i:3;i:5;i:3;i:6;i:5;i:7;i:0;i:8;i:5;i:9;i:3;i:10;i:0;i:11;i:0;i:12;i:0;i:13;i:0;i:14;i:8;i:15;i:20;i:16;i:5;i:17;i:3;i:18;i:0;i:19;i:0;i:20;i:0;i:21;i:0;i:22;i:0;i:23;i:0;i:24;i:3;i:25;i:5;i:26;i:0;i:27;i:5;i:28;i:0;i:29;i:0;i:30;i:0;i:31;i:0;i:32;i:0;i:33;i:0;i:34;i:0;i:35;i:0;i:36;i:0;i:37;i:0;i:38;i:0;i:39;i:3;i:40;i:13;i:41;i:28;i:42;i:43;i:43;i:15;i:44;i:23;i:45;i:25;i:46;i:13;i:47;i:10;i:48;i:5;i:49;i:8;i:50;i:5;i:51;i:0;i:52;i:0;i:53;i:0;i:54;i:0;i:55;i:0;i:56;i:0;i:57;i:0;i:58;i:0;i:59;i:0;i:60;i:0;i:61;i:0;i:62;i:3;i:63;i:2;i:64;i:1;i:65;i:0;i:66;i:0;i:67;i:0;i:68;i:0;i:69;i:0;i:70;i:0;i:71;i:0;}}}',1776706346),('novabite-cache-meteo:ordizia:2026042112','a:9:{s:8:\"latitude\";d:43.05;s:9:\"longitude\";d:-2.1800003;s:17:\"generationtime_ms\";d:0.15628337860107422;s:18:\"utc_offset_seconds\";i:7200;s:8:\"timezone\";s:13:\"Europe/Madrid\";s:21:\"timezone_abbreviation\";s:5:\"GMT+2\";s:9:\"elevation\";d:144;s:12:\"hourly_units\";a:3:{s:4:\"time\";s:7:\"iso8601\";s:13:\"precipitation\";s:2:\"mm\";s:25:\"precipitation_probability\";s:1:\"%\";}s:6:\"hourly\";a:3:{s:4:\"time\";a:72:{i:0;s:16:\"2026-04-21T00:00\";i:1;s:16:\"2026-04-21T01:00\";i:2;s:16:\"2026-04-21T02:00\";i:3;s:16:\"2026-04-21T03:00\";i:4;s:16:\"2026-04-21T04:00\";i:5;s:16:\"2026-04-21T05:00\";i:6;s:16:\"2026-04-21T06:00\";i:7;s:16:\"2026-04-21T07:00\";i:8;s:16:\"2026-04-21T08:00\";i:9;s:16:\"2026-04-21T09:00\";i:10;s:16:\"2026-04-21T10:00\";i:11;s:16:\"2026-04-21T11:00\";i:12;s:16:\"2026-04-21T12:00\";i:13;s:16:\"2026-04-21T13:00\";i:14;s:16:\"2026-04-21T14:00\";i:15;s:16:\"2026-04-21T15:00\";i:16;s:16:\"2026-04-21T16:00\";i:17;s:16:\"2026-04-21T17:00\";i:18;s:16:\"2026-04-21T18:00\";i:19;s:16:\"2026-04-21T19:00\";i:20;s:16:\"2026-04-21T20:00\";i:21;s:16:\"2026-04-21T21:00\";i:22;s:16:\"2026-04-21T22:00\";i:23;s:16:\"2026-04-21T23:00\";i:24;s:16:\"2026-04-22T00:00\";i:25;s:16:\"2026-04-22T01:00\";i:26;s:16:\"2026-04-22T02:00\";i:27;s:16:\"2026-04-22T03:00\";i:28;s:16:\"2026-04-22T04:00\";i:29;s:16:\"2026-04-22T05:00\";i:30;s:16:\"2026-04-22T06:00\";i:31;s:16:\"2026-04-22T07:00\";i:32;s:16:\"2026-04-22T08:00\";i:33;s:16:\"2026-04-22T09:00\";i:34;s:16:\"2026-04-22T10:00\";i:35;s:16:\"2026-04-22T11:00\";i:36;s:16:\"2026-04-22T12:00\";i:37;s:16:\"2026-04-22T13:00\";i:38;s:16:\"2026-04-22T14:00\";i:39;s:16:\"2026-04-22T15:00\";i:40;s:16:\"2026-04-22T16:00\";i:41;s:16:\"2026-04-22T17:00\";i:42;s:16:\"2026-04-22T18:00\";i:43;s:16:\"2026-04-22T19:00\";i:44;s:16:\"2026-04-22T20:00\";i:45;s:16:\"2026-04-22T21:00\";i:46;s:16:\"2026-04-22T22:00\";i:47;s:16:\"2026-04-22T23:00\";i:48;s:16:\"2026-04-23T00:00\";i:49;s:16:\"2026-04-23T01:00\";i:50;s:16:\"2026-04-23T02:00\";i:51;s:16:\"2026-04-23T03:00\";i:52;s:16:\"2026-04-23T04:00\";i:53;s:16:\"2026-04-23T05:00\";i:54;s:16:\"2026-04-23T06:00\";i:55;s:16:\"2026-04-23T07:00\";i:56;s:16:\"2026-04-23T08:00\";i:57;s:16:\"2026-04-23T09:00\";i:58;s:16:\"2026-04-23T10:00\";i:59;s:16:\"2026-04-23T11:00\";i:60;s:16:\"2026-04-23T12:00\";i:61;s:16:\"2026-04-23T13:00\";i:62;s:16:\"2026-04-23T14:00\";i:63;s:16:\"2026-04-23T15:00\";i:64;s:16:\"2026-04-23T16:00\";i:65;s:16:\"2026-04-23T17:00\";i:66;s:16:\"2026-04-23T18:00\";i:67;s:16:\"2026-04-23T19:00\";i:68;s:16:\"2026-04-23T20:00\";i:69;s:16:\"2026-04-23T21:00\";i:70;s:16:\"2026-04-23T22:00\";i:71;s:16:\"2026-04-23T23:00\";}s:13:\"precipitation\";a:72:{i:0;d:0;i:1;d:0;i:2;d:0;i:3;d:0;i:4;d:0;i:5;d:0;i:6;d:0;i:7;d:0;i:8;d:0;i:9;d:0;i:10;d:0;i:11;d:0;i:12;d:0;i:13;d:0;i:14;d:0;i:15;d:0;i:16;d:0;i:17;d:0;i:18;d:0;i:19;d:0;i:20;d:0;i:21;d:0;i:22;d:0.2;i:23;d:0;i:24;d:0;i:25;d:0;i:26;d:0;i:27;d:0;i:28;d:0;i:29;d:0;i:30;d:0;i:31;d:0;i:32;d:0;i:33;d:0;i:34;d:0;i:35;d:0;i:36;d:0;i:37;d:0;i:38;d:0;i:39;d:0;i:40;d:0;i:41;d:0;i:42;d:0;i:43;d:0;i:44;d:0;i:45;d:0;i:46;d:0;i:47;d:0;i:48;d:0;i:49;d:0;i:50;d:0;i:51;d:0;i:52;d:0;i:53;d:0;i:54;d:0;i:55;d:0;i:56;d:0;i:57;d:0;i:58;d:0;i:59;d:0;i:60;d:0;i:61;d:0;i:62;d:0;i:63;d:0;i:64;d:0;i:65;d:0;i:66;d:0;i:67;d:0;i:68;d:0;i:69;d:0;i:70;d:0;i:71;d:0;}s:25:\"precipitation_probability\";a:72:{i:0;i:0;i:1;i:5;i:2;i:5;i:3;i:5;i:4;i:0;i:5;i:0;i:6;i:0;i:7;i:0;i:8;i:0;i:9;i:0;i:10;i:0;i:11;i:0;i:12;i:0;i:13;i:0;i:14;i:0;i:15;i:0;i:16;i:3;i:17;i:15;i:18;i:15;i:19;i:43;i:20;i:38;i:21;i:30;i:22;i:5;i:23;i:8;i:24;i:0;i:25;i:5;i:26;i:5;i:27;i:3;i:28;i:0;i:29;i:0;i:30;i:0;i:31;i:0;i:32;i:0;i:33;i:0;i:34;i:0;i:35;i:0;i:36;i:0;i:37;i:0;i:38;i:0;i:39;i:0;i:40;i:0;i:41;i:0;i:42;i:0;i:43;i:0;i:44;i:0;i:45;i:0;i:46;i:0;i:47;i:0;i:48;i:0;i:49;i:0;i:50;i:0;i:51;i:0;i:52;i:0;i:53;i:0;i:54;i:0;i:55;i:0;i:56;i:0;i:57;i:0;i:58;i:0;i:59;i:0;i:60;i:0;i:61;i:0;i:62;i:0;i:63;i:0;i:64;i:0;i:65;i:0;i:66;i:1;i:67;i:2;i:68;i:3;i:69;i:4;i:70;i:5;i:71;i:5;}}}',1776757268),('novabite-cache-meteo:ordizia:2026042114','a:9:{s:8:\"latitude\";d:43.05;s:9:\"longitude\";d:-2.1800003;s:17:\"generationtime_ms\";d:5.715727806091309;s:18:\"utc_offset_seconds\";i:7200;s:8:\"timezone\";s:13:\"Europe/Madrid\";s:21:\"timezone_abbreviation\";s:5:\"GMT+2\";s:9:\"elevation\";d:144;s:12:\"hourly_units\";a:3:{s:4:\"time\";s:7:\"iso8601\";s:13:\"precipitation\";s:2:\"mm\";s:25:\"precipitation_probability\";s:1:\"%\";}s:6:\"hourly\";a:3:{s:4:\"time\";a:72:{i:0;s:16:\"2026-04-20T00:00\";i:1;s:16:\"2026-04-20T01:00\";i:2;s:16:\"2026-04-20T02:00\";i:3;s:16:\"2026-04-20T03:00\";i:4;s:16:\"2026-04-20T04:00\";i:5;s:16:\"2026-04-20T05:00\";i:6;s:16:\"2026-04-20T06:00\";i:7;s:16:\"2026-04-20T07:00\";i:8;s:16:\"2026-04-20T08:00\";i:9;s:16:\"2026-04-20T09:00\";i:10;s:16:\"2026-04-20T10:00\";i:11;s:16:\"2026-04-20T11:00\";i:12;s:16:\"2026-04-20T12:00\";i:13;s:16:\"2026-04-20T13:00\";i:14;s:16:\"2026-04-20T14:00\";i:15;s:16:\"2026-04-20T15:00\";i:16;s:16:\"2026-04-20T16:00\";i:17;s:16:\"2026-04-20T17:00\";i:18;s:16:\"2026-04-20T18:00\";i:19;s:16:\"2026-04-20T19:00\";i:20;s:16:\"2026-04-20T20:00\";i:21;s:16:\"2026-04-20T21:00\";i:22;s:16:\"2026-04-20T22:00\";i:23;s:16:\"2026-04-20T23:00\";i:24;s:16:\"2026-04-21T00:00\";i:25;s:16:\"2026-04-21T01:00\";i:26;s:16:\"2026-04-21T02:00\";i:27;s:16:\"2026-04-21T03:00\";i:28;s:16:\"2026-04-21T04:00\";i:29;s:16:\"2026-04-21T05:00\";i:30;s:16:\"2026-04-21T06:00\";i:31;s:16:\"2026-04-21T07:00\";i:32;s:16:\"2026-04-21T08:00\";i:33;s:16:\"2026-04-21T09:00\";i:34;s:16:\"2026-04-21T10:00\";i:35;s:16:\"2026-04-21T11:00\";i:36;s:16:\"2026-04-21T12:00\";i:37;s:16:\"2026-04-21T13:00\";i:38;s:16:\"2026-04-21T14:00\";i:39;s:16:\"2026-04-21T15:00\";i:40;s:16:\"2026-04-21T16:00\";i:41;s:16:\"2026-04-21T17:00\";i:42;s:16:\"2026-04-21T18:00\";i:43;s:16:\"2026-04-21T19:00\";i:44;s:16:\"2026-04-21T20:00\";i:45;s:16:\"2026-04-21T21:00\";i:46;s:16:\"2026-04-21T22:00\";i:47;s:16:\"2026-04-21T23:00\";i:48;s:16:\"2026-04-22T00:00\";i:49;s:16:\"2026-04-22T01:00\";i:50;s:16:\"2026-04-22T02:00\";i:51;s:16:\"2026-04-22T03:00\";i:52;s:16:\"2026-04-22T04:00\";i:53;s:16:\"2026-04-22T05:00\";i:54;s:16:\"2026-04-22T06:00\";i:55;s:16:\"2026-04-22T07:00\";i:56;s:16:\"2026-04-22T08:00\";i:57;s:16:\"2026-04-22T09:00\";i:58;s:16:\"2026-04-22T10:00\";i:59;s:16:\"2026-04-22T11:00\";i:60;s:16:\"2026-04-22T12:00\";i:61;s:16:\"2026-04-22T13:00\";i:62;s:16:\"2026-04-22T14:00\";i:63;s:16:\"2026-04-22T15:00\";i:64;s:16:\"2026-04-22T16:00\";i:65;s:16:\"2026-04-22T17:00\";i:66;s:16:\"2026-04-22T18:00\";i:67;s:16:\"2026-04-22T19:00\";i:68;s:16:\"2026-04-22T20:00\";i:69;s:16:\"2026-04-22T21:00\";i:70;s:16:\"2026-04-22T22:00\";i:71;s:16:\"2026-04-22T23:00\";}s:13:\"precipitation\";a:72:{i:0;d:0;i:1;d:0;i:2;d:0;i:3;d:0;i:4;d:0;i:5;d:0;i:6;d:0;i:7;d:0;i:8;d:0;i:9;d:0;i:10;d:0;i:11;d:0;i:12;d:0;i:13;d:0;i:14;d:0;i:15;d:0;i:16;d:0;i:17;d:0;i:18;d:0;i:19;d:0;i:20;d:0;i:21;d:0;i:22;d:0;i:23;d:0;i:24;d:0.1;i:25;d:0;i:26;d:0;i:27;d:0;i:28;d:0;i:29;d:0;i:30;d:0;i:31;d:0;i:32;d:0;i:33;d:0;i:34;d:0;i:35;d:0;i:36;d:0;i:37;d:0;i:38;d:0;i:39;d:0;i:40;d:0;i:41;d:0;i:42;d:0;i:43;d:0;i:44;d:0;i:45;d:0;i:46;d:0;i:47;d:0;i:48;d:0;i:49;d:0;i:50;d:0;i:51;d:0;i:52;d:0;i:53;d:0;i:54;d:0;i:55;d:0;i:56;d:0;i:57;d:0;i:58;d:0;i:59;d:0;i:60;d:0;i:61;d:0;i:62;d:0;i:63;d:0;i:64;d:0;i:65;d:0;i:66;d:0;i:67;d:0;i:68;d:0;i:69;d:0;i:70;d:0;i:71;d:0;}s:25:\"precipitation_probability\";a:72:{i:0;i:0;i:1;i:0;i:2;i:0;i:3;i:0;i:4;i:3;i:5;i:3;i:6;i:5;i:7;i:0;i:8;i:5;i:9;i:3;i:10;i:0;i:11;i:0;i:12;i:0;i:13;i:0;i:14;i:8;i:15;i:20;i:16;i:5;i:17;i:3;i:18;i:0;i:19;i:0;i:20;i:0;i:21;i:0;i:22;i:0;i:23;i:0;i:24;i:3;i:25;i:5;i:26;i:0;i:27;i:5;i:28;i:0;i:29;i:0;i:30;i:0;i:31;i:0;i:32;i:0;i:33;i:0;i:34;i:0;i:35;i:0;i:36;i:0;i:37;i:0;i:38;i:0;i:39;i:3;i:40;i:13;i:41;i:28;i:42;i:43;i:43;i:15;i:44;i:23;i:45;i:25;i:46;i:13;i:47;i:10;i:48;i:5;i:49;i:8;i:50;i:5;i:51;i:0;i:52;i:0;i:53;i:0;i:54;i:0;i:55;i:0;i:56;i:0;i:57;i:0;i:58;i:0;i:59;i:0;i:60;i:0;i:61;i:0;i:62;i:3;i:63;i:2;i:64;i:1;i:65;i:0;i:66;i:0;i:67;i:0;i:68;i:0;i:69;i:0;i:70;i:0;i:71;i:0;}}}',1776706330),('novabite-cache-meteo:ordizia:2026042119','a:9:{s:8:\"latitude\";d:43.05;s:9:\"longitude\";d:-2.1800003;s:17:\"generationtime_ms\";d:0.11754035949707031;s:18:\"utc_offset_seconds\";i:7200;s:8:\"timezone\";s:13:\"Europe/Madrid\";s:21:\"timezone_abbreviation\";s:5:\"GMT+2\";s:9:\"elevation\";d:144;s:12:\"hourly_units\";a:3:{s:4:\"time\";s:7:\"iso8601\";s:13:\"precipitation\";s:2:\"mm\";s:25:\"precipitation_probability\";s:1:\"%\";}s:6:\"hourly\";a:3:{s:4:\"time\";a:72:{i:0;s:16:\"2026-04-21T00:00\";i:1;s:16:\"2026-04-21T01:00\";i:2;s:16:\"2026-04-21T02:00\";i:3;s:16:\"2026-04-21T03:00\";i:4;s:16:\"2026-04-21T04:00\";i:5;s:16:\"2026-04-21T05:00\";i:6;s:16:\"2026-04-21T06:00\";i:7;s:16:\"2026-04-21T07:00\";i:8;s:16:\"2026-04-21T08:00\";i:9;s:16:\"2026-04-21T09:00\";i:10;s:16:\"2026-04-21T10:00\";i:11;s:16:\"2026-04-21T11:00\";i:12;s:16:\"2026-04-21T12:00\";i:13;s:16:\"2026-04-21T13:00\";i:14;s:16:\"2026-04-21T14:00\";i:15;s:16:\"2026-04-21T15:00\";i:16;s:16:\"2026-04-21T16:00\";i:17;s:16:\"2026-04-21T17:00\";i:18;s:16:\"2026-04-21T18:00\";i:19;s:16:\"2026-04-21T19:00\";i:20;s:16:\"2026-04-21T20:00\";i:21;s:16:\"2026-04-21T21:00\";i:22;s:16:\"2026-04-21T22:00\";i:23;s:16:\"2026-04-21T23:00\";i:24;s:16:\"2026-04-22T00:00\";i:25;s:16:\"2026-04-22T01:00\";i:26;s:16:\"2026-04-22T02:00\";i:27;s:16:\"2026-04-22T03:00\";i:28;s:16:\"2026-04-22T04:00\";i:29;s:16:\"2026-04-22T05:00\";i:30;s:16:\"2026-04-22T06:00\";i:31;s:16:\"2026-04-22T07:00\";i:32;s:16:\"2026-04-22T08:00\";i:33;s:16:\"2026-04-22T09:00\";i:34;s:16:\"2026-04-22T10:00\";i:35;s:16:\"2026-04-22T11:00\";i:36;s:16:\"2026-04-22T12:00\";i:37;s:16:\"2026-04-22T13:00\";i:38;s:16:\"2026-04-22T14:00\";i:39;s:16:\"2026-04-22T15:00\";i:40;s:16:\"2026-04-22T16:00\";i:41;s:16:\"2026-04-22T17:00\";i:42;s:16:\"2026-04-22T18:00\";i:43;s:16:\"2026-04-22T19:00\";i:44;s:16:\"2026-04-22T20:00\";i:45;s:16:\"2026-04-22T21:00\";i:46;s:16:\"2026-04-22T22:00\";i:47;s:16:\"2026-04-22T23:00\";i:48;s:16:\"2026-04-23T00:00\";i:49;s:16:\"2026-04-23T01:00\";i:50;s:16:\"2026-04-23T02:00\";i:51;s:16:\"2026-04-23T03:00\";i:52;s:16:\"2026-04-23T04:00\";i:53;s:16:\"2026-04-23T05:00\";i:54;s:16:\"2026-04-23T06:00\";i:55;s:16:\"2026-04-23T07:00\";i:56;s:16:\"2026-04-23T08:00\";i:57;s:16:\"2026-04-23T09:00\";i:58;s:16:\"2026-04-23T10:00\";i:59;s:16:\"2026-04-23T11:00\";i:60;s:16:\"2026-04-23T12:00\";i:61;s:16:\"2026-04-23T13:00\";i:62;s:16:\"2026-04-23T14:00\";i:63;s:16:\"2026-04-23T15:00\";i:64;s:16:\"2026-04-23T16:00\";i:65;s:16:\"2026-04-23T17:00\";i:66;s:16:\"2026-04-23T18:00\";i:67;s:16:\"2026-04-23T19:00\";i:68;s:16:\"2026-04-23T20:00\";i:69;s:16:\"2026-04-23T21:00\";i:70;s:16:\"2026-04-23T22:00\";i:71;s:16:\"2026-04-23T23:00\";}s:13:\"precipitation\";a:72:{i:0;d:0;i:1;d:0;i:2;d:0;i:3;d:0;i:4;d:0;i:5;d:0;i:6;d:0;i:7;d:0;i:8;d:0;i:9;d:0;i:10;d:0;i:11;d:0;i:12;d:0;i:13;d:0;i:14;d:0;i:15;d:0;i:16;d:0;i:17;d:0;i:18;d:0;i:19;d:0;i:20;d:0;i:21;d:0.3;i:22;d:0;i:23;d:0;i:24;d:0;i:25;d:0;i:26;d:0;i:27;d:0;i:28;d:0;i:29;d:0;i:30;d:0;i:31;d:0;i:32;d:0;i:33;d:0;i:34;d:0;i:35;d:0;i:36;d:0;i:37;d:0;i:38;d:0;i:39;d:0;i:40;d:0;i:41;d:0;i:42;d:0;i:43;d:0;i:44;d:0;i:45;d:0;i:46;d:0;i:47;d:0;i:48;d:0;i:49;d:0;i:50;d:0;i:51;d:0;i:52;d:0;i:53;d:0;i:54;d:0;i:55;d:0;i:56;d:0;i:57;d:0;i:58;d:0;i:59;d:0;i:60;d:0;i:61;d:0;i:62;d:0;i:63;d:0;i:64;d:0;i:65;d:0;i:66;d:0;i:67;d:0;i:68;d:0;i:69;d:0;i:70;d:0;i:71;d:0;}s:25:\"precipitation_probability\";a:72:{i:0;i:0;i:1;i:5;i:2;i:5;i:3;i:5;i:4;i:0;i:5;i:0;i:6;i:0;i:7;i:0;i:8;i:0;i:9;i:0;i:10;i:0;i:11;i:0;i:12;i:0;i:13;i:0;i:14;i:0;i:15;i:0;i:16;i:3;i:17;i:18;i:18;i:23;i:19;i:23;i:20;i:20;i:21;i:30;i:22;i:13;i:23;i:13;i:24;i:5;i:25;i:3;i:26;i:0;i:27;i:0;i:28;i:0;i:29;i:0;i:30;i:0;i:31;i:0;i:32;i:0;i:33;i:0;i:34;i:0;i:35;i:0;i:36;i:0;i:37;i:3;i:38;i:0;i:39;i:0;i:40;i:0;i:41;i:0;i:42;i:0;i:43;i:0;i:44;i:0;i:45;i:0;i:46;i:0;i:47;i:0;i:48;i:0;i:49;i:0;i:50;i:0;i:51;i:0;i:52;i:0;i:53;i:0;i:54;i:0;i:55;i:0;i:56;i:0;i:57;i:0;i:58;i:0;i:59;i:0;i:60;i:0;i:61;i:0;i:62;i:0;i:63;i:0;i:64;i:0;i:65;i:0;i:66;i:0;i:67;i:0;i:68;i:0;i:69;i:2;i:70;i:4;i:71;i:5;}}}',1776776217),('novabite-cache-meteo:ordizia:2026042120','a:9:{s:8:\"latitude\";d:43.05;s:9:\"longitude\";d:-2.1800003;s:17:\"generationtime_ms\";d:0.1386404037475586;s:18:\"utc_offset_seconds\";i:7200;s:8:\"timezone\";s:13:\"Europe/Madrid\";s:21:\"timezone_abbreviation\";s:5:\"GMT+2\";s:9:\"elevation\";d:144;s:12:\"hourly_units\";a:3:{s:4:\"time\";s:7:\"iso8601\";s:13:\"precipitation\";s:2:\"mm\";s:25:\"precipitation_probability\";s:1:\"%\";}s:6:\"hourly\";a:3:{s:4:\"time\";a:72:{i:0;s:16:\"2026-04-20T00:00\";i:1;s:16:\"2026-04-20T01:00\";i:2;s:16:\"2026-04-20T02:00\";i:3;s:16:\"2026-04-20T03:00\";i:4;s:16:\"2026-04-20T04:00\";i:5;s:16:\"2026-04-20T05:00\";i:6;s:16:\"2026-04-20T06:00\";i:7;s:16:\"2026-04-20T07:00\";i:8;s:16:\"2026-04-20T08:00\";i:9;s:16:\"2026-04-20T09:00\";i:10;s:16:\"2026-04-20T10:00\";i:11;s:16:\"2026-04-20T11:00\";i:12;s:16:\"2026-04-20T12:00\";i:13;s:16:\"2026-04-20T13:00\";i:14;s:16:\"2026-04-20T14:00\";i:15;s:16:\"2026-04-20T15:00\";i:16;s:16:\"2026-04-20T16:00\";i:17;s:16:\"2026-04-20T17:00\";i:18;s:16:\"2026-04-20T18:00\";i:19;s:16:\"2026-04-20T19:00\";i:20;s:16:\"2026-04-20T20:00\";i:21;s:16:\"2026-04-20T21:00\";i:22;s:16:\"2026-04-20T22:00\";i:23;s:16:\"2026-04-20T23:00\";i:24;s:16:\"2026-04-21T00:00\";i:25;s:16:\"2026-04-21T01:00\";i:26;s:16:\"2026-04-21T02:00\";i:27;s:16:\"2026-04-21T03:00\";i:28;s:16:\"2026-04-21T04:00\";i:29;s:16:\"2026-04-21T05:00\";i:30;s:16:\"2026-04-21T06:00\";i:31;s:16:\"2026-04-21T07:00\";i:32;s:16:\"2026-04-21T08:00\";i:33;s:16:\"2026-04-21T09:00\";i:34;s:16:\"2026-04-21T10:00\";i:35;s:16:\"2026-04-21T11:00\";i:36;s:16:\"2026-04-21T12:00\";i:37;s:16:\"2026-04-21T13:00\";i:38;s:16:\"2026-04-21T14:00\";i:39;s:16:\"2026-04-21T15:00\";i:40;s:16:\"2026-04-21T16:00\";i:41;s:16:\"2026-04-21T17:00\";i:42;s:16:\"2026-04-21T18:00\";i:43;s:16:\"2026-04-21T19:00\";i:44;s:16:\"2026-04-21T20:00\";i:45;s:16:\"2026-04-21T21:00\";i:46;s:16:\"2026-04-21T22:00\";i:47;s:16:\"2026-04-21T23:00\";i:48;s:16:\"2026-04-22T00:00\";i:49;s:16:\"2026-04-22T01:00\";i:50;s:16:\"2026-04-22T02:00\";i:51;s:16:\"2026-04-22T03:00\";i:52;s:16:\"2026-04-22T04:00\";i:53;s:16:\"2026-04-22T05:00\";i:54;s:16:\"2026-04-22T06:00\";i:55;s:16:\"2026-04-22T07:00\";i:56;s:16:\"2026-04-22T08:00\";i:57;s:16:\"2026-04-22T09:00\";i:58;s:16:\"2026-04-22T10:00\";i:59;s:16:\"2026-04-22T11:00\";i:60;s:16:\"2026-04-22T12:00\";i:61;s:16:\"2026-04-22T13:00\";i:62;s:16:\"2026-04-22T14:00\";i:63;s:16:\"2026-04-22T15:00\";i:64;s:16:\"2026-04-22T16:00\";i:65;s:16:\"2026-04-22T17:00\";i:66;s:16:\"2026-04-22T18:00\";i:67;s:16:\"2026-04-22T19:00\";i:68;s:16:\"2026-04-22T20:00\";i:69;s:16:\"2026-04-22T21:00\";i:70;s:16:\"2026-04-22T22:00\";i:71;s:16:\"2026-04-22T23:00\";}s:13:\"precipitation\";a:72:{i:0;d:0;i:1;d:0;i:2;d:0;i:3;d:0;i:4;d:0;i:5;d:0;i:6;d:0;i:7;d:0;i:8;d:0;i:9;d:0;i:10;d:0;i:11;d:0;i:12;d:0;i:13;d:0;i:14;d:0;i:15;d:0;i:16;d:0;i:17;d:0;i:18;d:0;i:19;d:0;i:20;d:0;i:21;d:0;i:22;d:0;i:23;d:0;i:24;d:0.1;i:25;d:0;i:26;d:0;i:27;d:0;i:28;d:0;i:29;d:0;i:30;d:0;i:31;d:0;i:32;d:0;i:33;d:0;i:34;d:0;i:35;d:0;i:36;d:0;i:37;d:0;i:38;d:0;i:39;d:0;i:40;d:0;i:41;d:0;i:42;d:0;i:43;d:0;i:44;d:0;i:45;d:0;i:46;d:0;i:47;d:0;i:48;d:0;i:49;d:0;i:50;d:0;i:51;d:0;i:52;d:0;i:53;d:0;i:54;d:0;i:55;d:0;i:56;d:0;i:57;d:0;i:58;d:0;i:59;d:0;i:60;d:0;i:61;d:0;i:62;d:0;i:63;d:0;i:64;d:0;i:65;d:0;i:66;d:0;i:67;d:0;i:68;d:0;i:69;d:0;i:70;d:0;i:71;d:0;}s:25:\"precipitation_probability\";a:72:{i:0;i:0;i:1;i:0;i:2;i:0;i:3;i:0;i:4;i:3;i:5;i:3;i:6;i:5;i:7;i:0;i:8;i:5;i:9;i:3;i:10;i:0;i:11;i:0;i:12;i:0;i:13;i:0;i:14;i:8;i:15;i:20;i:16;i:5;i:17;i:3;i:18;i:0;i:19;i:0;i:20;i:0;i:21;i:0;i:22;i:0;i:23;i:0;i:24;i:3;i:25;i:5;i:26;i:0;i:27;i:5;i:28;i:0;i:29;i:0;i:30;i:0;i:31;i:0;i:32;i:0;i:33;i:0;i:34;i:0;i:35;i:0;i:36;i:0;i:37;i:0;i:38;i:0;i:39;i:3;i:40;i:13;i:41;i:28;i:42;i:43;i:43;i:15;i:44;i:23;i:45;i:25;i:46;i:13;i:47;i:10;i:48;i:5;i:49;i:8;i:50;i:5;i:51;i:0;i:52;i:0;i:53;i:0;i:54;i:0;i:55;i:0;i:56;i:0;i:57;i:0;i:58;i:0;i:59;i:0;i:60;i:0;i:61;i:0;i:62;i:3;i:63;i:2;i:64;i:1;i:65;i:0;i:66;i:0;i:67;i:0;i:68;i:0;i:69;i:0;i:70;i:0;i:71;i:0;}}}',1776706324),('novabite-cache-meteo:ordizia:2026042121','a:9:{s:8:\"latitude\";d:43.05;s:9:\"longitude\";d:-2.1800003;s:17:\"generationtime_ms\";d:0.1385211944580078;s:18:\"utc_offset_seconds\";i:7200;s:8:\"timezone\";s:13:\"Europe/Madrid\";s:21:\"timezone_abbreviation\";s:5:\"GMT+2\";s:9:\"elevation\";d:144;s:12:\"hourly_units\";a:3:{s:4:\"time\";s:7:\"iso8601\";s:13:\"precipitation\";s:2:\"mm\";s:25:\"precipitation_probability\";s:1:\"%\";}s:6:\"hourly\";a:3:{s:4:\"time\";a:72:{i:0;s:16:\"2026-04-20T00:00\";i:1;s:16:\"2026-04-20T01:00\";i:2;s:16:\"2026-04-20T02:00\";i:3;s:16:\"2026-04-20T03:00\";i:4;s:16:\"2026-04-20T04:00\";i:5;s:16:\"2026-04-20T05:00\";i:6;s:16:\"2026-04-20T06:00\";i:7;s:16:\"2026-04-20T07:00\";i:8;s:16:\"2026-04-20T08:00\";i:9;s:16:\"2026-04-20T09:00\";i:10;s:16:\"2026-04-20T10:00\";i:11;s:16:\"2026-04-20T11:00\";i:12;s:16:\"2026-04-20T12:00\";i:13;s:16:\"2026-04-20T13:00\";i:14;s:16:\"2026-04-20T14:00\";i:15;s:16:\"2026-04-20T15:00\";i:16;s:16:\"2026-04-20T16:00\";i:17;s:16:\"2026-04-20T17:00\";i:18;s:16:\"2026-04-20T18:00\";i:19;s:16:\"2026-04-20T19:00\";i:20;s:16:\"2026-04-20T20:00\";i:21;s:16:\"2026-04-20T21:00\";i:22;s:16:\"2026-04-20T22:00\";i:23;s:16:\"2026-04-20T23:00\";i:24;s:16:\"2026-04-21T00:00\";i:25;s:16:\"2026-04-21T01:00\";i:26;s:16:\"2026-04-21T02:00\";i:27;s:16:\"2026-04-21T03:00\";i:28;s:16:\"2026-04-21T04:00\";i:29;s:16:\"2026-04-21T05:00\";i:30;s:16:\"2026-04-21T06:00\";i:31;s:16:\"2026-04-21T07:00\";i:32;s:16:\"2026-04-21T08:00\";i:33;s:16:\"2026-04-21T09:00\";i:34;s:16:\"2026-04-21T10:00\";i:35;s:16:\"2026-04-21T11:00\";i:36;s:16:\"2026-04-21T12:00\";i:37;s:16:\"2026-04-21T13:00\";i:38;s:16:\"2026-04-21T14:00\";i:39;s:16:\"2026-04-21T15:00\";i:40;s:16:\"2026-04-21T16:00\";i:41;s:16:\"2026-04-21T17:00\";i:42;s:16:\"2026-04-21T18:00\";i:43;s:16:\"2026-04-21T19:00\";i:44;s:16:\"2026-04-21T20:00\";i:45;s:16:\"2026-04-21T21:00\";i:46;s:16:\"2026-04-21T22:00\";i:47;s:16:\"2026-04-21T23:00\";i:48;s:16:\"2026-04-22T00:00\";i:49;s:16:\"2026-04-22T01:00\";i:50;s:16:\"2026-04-22T02:00\";i:51;s:16:\"2026-04-22T03:00\";i:52;s:16:\"2026-04-22T04:00\";i:53;s:16:\"2026-04-22T05:00\";i:54;s:16:\"2026-04-22T06:00\";i:55;s:16:\"2026-04-22T07:00\";i:56;s:16:\"2026-04-22T08:00\";i:57;s:16:\"2026-04-22T09:00\";i:58;s:16:\"2026-04-22T10:00\";i:59;s:16:\"2026-04-22T11:00\";i:60;s:16:\"2026-04-22T12:00\";i:61;s:16:\"2026-04-22T13:00\";i:62;s:16:\"2026-04-22T14:00\";i:63;s:16:\"2026-04-22T15:00\";i:64;s:16:\"2026-04-22T16:00\";i:65;s:16:\"2026-04-22T17:00\";i:66;s:16:\"2026-04-22T18:00\";i:67;s:16:\"2026-04-22T19:00\";i:68;s:16:\"2026-04-22T20:00\";i:69;s:16:\"2026-04-22T21:00\";i:70;s:16:\"2026-04-22T22:00\";i:71;s:16:\"2026-04-22T23:00\";}s:13:\"precipitation\";a:72:{i:0;d:0;i:1;d:0;i:2;d:0;i:3;d:0;i:4;d:0;i:5;d:0;i:6;d:0;i:7;d:0;i:8;d:0;i:9;d:0;i:10;d:0;i:11;d:0;i:12;d:0;i:13;d:0;i:14;d:0;i:15;d:0;i:16;d:0;i:17;d:0;i:18;d:0;i:19;d:0;i:20;d:0;i:21;d:0;i:22;d:0;i:23;d:0;i:24;d:0.1;i:25;d:0;i:26;d:0;i:27;d:0;i:28;d:0;i:29;d:0;i:30;d:0;i:31;d:0;i:32;d:0;i:33;d:0;i:34;d:0;i:35;d:0;i:36;d:0;i:37;d:0;i:38;d:0;i:39;d:0;i:40;d:0;i:41;d:0;i:42;d:0;i:43;d:0;i:44;d:0;i:45;d:0;i:46;d:0;i:47;d:0;i:48;d:0;i:49;d:0;i:50;d:0;i:51;d:0;i:52;d:0;i:53;d:0;i:54;d:0;i:55;d:0;i:56;d:0;i:57;d:0;i:58;d:0;i:59;d:0;i:60;d:0;i:61;d:0;i:62;d:0;i:63;d:0;i:64;d:0;i:65;d:0;i:66;d:0;i:67;d:0;i:68;d:0;i:69;d:0;i:70;d:0;i:71;d:0;}s:25:\"precipitation_probability\";a:72:{i:0;i:0;i:1;i:0;i:2;i:0;i:3;i:0;i:4;i:3;i:5;i:3;i:6;i:5;i:7;i:0;i:8;i:5;i:9;i:3;i:10;i:0;i:11;i:0;i:12;i:0;i:13;i:0;i:14;i:8;i:15;i:20;i:16;i:5;i:17;i:3;i:18;i:0;i:19;i:0;i:20;i:0;i:21;i:0;i:22;i:0;i:23;i:0;i:24;i:3;i:25;i:5;i:26;i:0;i:27;i:5;i:28;i:0;i:29;i:0;i:30;i:0;i:31;i:0;i:32;i:0;i:33;i:0;i:34;i:0;i:35;i:0;i:36;i:0;i:37;i:0;i:38;i:0;i:39;i:3;i:40;i:13;i:41;i:28;i:42;i:43;i:43;i:15;i:44;i:23;i:45;i:25;i:46;i:13;i:47;i:10;i:48;i:5;i:49;i:8;i:50;i:5;i:51;i:0;i:52;i:0;i:53;i:0;i:54;i:0;i:55;i:0;i:56;i:0;i:57;i:0;i:58;i:0;i:59;i:0;i:60;i:0;i:61;i:0;i:62;i:3;i:63;i:2;i:64;i:1;i:65;i:0;i:66;i:0;i:67;i:0;i:68;i:0;i:69;i:0;i:70;i:0;i:71;i:0;}}}',1776706358),('novabite-cache-meteo:ordizia:2026042220','a:9:{s:8:\"latitude\";d:43.05;s:9:\"longitude\";d:-2.1800003;s:17:\"generationtime_ms\";d:0.1633167266845703;s:18:\"utc_offset_seconds\";i:7200;s:8:\"timezone\";s:13:\"Europe/Madrid\";s:21:\"timezone_abbreviation\";s:5:\"GMT+2\";s:9:\"elevation\";d:144;s:12:\"hourly_units\";a:3:{s:4:\"time\";s:7:\"iso8601\";s:13:\"precipitation\";s:2:\"mm\";s:25:\"precipitation_probability\";s:1:\"%\";}s:6:\"hourly\";a:3:{s:4:\"time\";a:72:{i:0;s:16:\"2026-04-20T00:00\";i:1;s:16:\"2026-04-20T01:00\";i:2;s:16:\"2026-04-20T02:00\";i:3;s:16:\"2026-04-20T03:00\";i:4;s:16:\"2026-04-20T04:00\";i:5;s:16:\"2026-04-20T05:00\";i:6;s:16:\"2026-04-20T06:00\";i:7;s:16:\"2026-04-20T07:00\";i:8;s:16:\"2026-04-20T08:00\";i:9;s:16:\"2026-04-20T09:00\";i:10;s:16:\"2026-04-20T10:00\";i:11;s:16:\"2026-04-20T11:00\";i:12;s:16:\"2026-04-20T12:00\";i:13;s:16:\"2026-04-20T13:00\";i:14;s:16:\"2026-04-20T14:00\";i:15;s:16:\"2026-04-20T15:00\";i:16;s:16:\"2026-04-20T16:00\";i:17;s:16:\"2026-04-20T17:00\";i:18;s:16:\"2026-04-20T18:00\";i:19;s:16:\"2026-04-20T19:00\";i:20;s:16:\"2026-04-20T20:00\";i:21;s:16:\"2026-04-20T21:00\";i:22;s:16:\"2026-04-20T22:00\";i:23;s:16:\"2026-04-20T23:00\";i:24;s:16:\"2026-04-21T00:00\";i:25;s:16:\"2026-04-21T01:00\";i:26;s:16:\"2026-04-21T02:00\";i:27;s:16:\"2026-04-21T03:00\";i:28;s:16:\"2026-04-21T04:00\";i:29;s:16:\"2026-04-21T05:00\";i:30;s:16:\"2026-04-21T06:00\";i:31;s:16:\"2026-04-21T07:00\";i:32;s:16:\"2026-04-21T08:00\";i:33;s:16:\"2026-04-21T09:00\";i:34;s:16:\"2026-04-21T10:00\";i:35;s:16:\"2026-04-21T11:00\";i:36;s:16:\"2026-04-21T12:00\";i:37;s:16:\"2026-04-21T13:00\";i:38;s:16:\"2026-04-21T14:00\";i:39;s:16:\"2026-04-21T15:00\";i:40;s:16:\"2026-04-21T16:00\";i:41;s:16:\"2026-04-21T17:00\";i:42;s:16:\"2026-04-21T18:00\";i:43;s:16:\"2026-04-21T19:00\";i:44;s:16:\"2026-04-21T20:00\";i:45;s:16:\"2026-04-21T21:00\";i:46;s:16:\"2026-04-21T22:00\";i:47;s:16:\"2026-04-21T23:00\";i:48;s:16:\"2026-04-22T00:00\";i:49;s:16:\"2026-04-22T01:00\";i:50;s:16:\"2026-04-22T02:00\";i:51;s:16:\"2026-04-22T03:00\";i:52;s:16:\"2026-04-22T04:00\";i:53;s:16:\"2026-04-22T05:00\";i:54;s:16:\"2026-04-22T06:00\";i:55;s:16:\"2026-04-22T07:00\";i:56;s:16:\"2026-04-22T08:00\";i:57;s:16:\"2026-04-22T09:00\";i:58;s:16:\"2026-04-22T10:00\";i:59;s:16:\"2026-04-22T11:00\";i:60;s:16:\"2026-04-22T12:00\";i:61;s:16:\"2026-04-22T13:00\";i:62;s:16:\"2026-04-22T14:00\";i:63;s:16:\"2026-04-22T15:00\";i:64;s:16:\"2026-04-22T16:00\";i:65;s:16:\"2026-04-22T17:00\";i:66;s:16:\"2026-04-22T18:00\";i:67;s:16:\"2026-04-22T19:00\";i:68;s:16:\"2026-04-22T20:00\";i:69;s:16:\"2026-04-22T21:00\";i:70;s:16:\"2026-04-22T22:00\";i:71;s:16:\"2026-04-22T23:00\";}s:13:\"precipitation\";a:72:{i:0;d:0;i:1;d:0;i:2;d:0;i:3;d:0;i:4;d:0;i:5;d:0;i:6;d:0;i:7;d:0;i:8;d:0;i:9;d:0;i:10;d:0;i:11;d:0;i:12;d:0;i:13;d:0;i:14;d:0;i:15;d:0;i:16;d:0;i:17;d:0;i:18;d:0;i:19;d:0;i:20;d:0;i:21;d:0;i:22;d:0;i:23;d:0;i:24;d:0.1;i:25;d:0;i:26;d:0;i:27;d:0;i:28;d:0;i:29;d:0;i:30;d:0;i:31;d:0;i:32;d:0;i:33;d:0;i:34;d:0;i:35;d:0;i:36;d:0;i:37;d:0;i:38;d:0;i:39;d:0;i:40;d:0;i:41;d:0;i:42;d:0;i:43;d:0;i:44;d:0;i:45;d:0;i:46;d:0;i:47;d:0;i:48;d:0;i:49;d:0;i:50;d:0;i:51;d:0;i:52;d:0;i:53;d:0;i:54;d:0;i:55;d:0;i:56;d:0;i:57;d:0;i:58;d:0;i:59;d:0;i:60;d:0;i:61;d:0;i:62;d:0;i:63;d:0;i:64;d:0;i:65;d:0;i:66;d:0;i:67;d:0;i:68;d:0;i:69;d:0;i:70;d:0;i:71;d:0;}s:25:\"precipitation_probability\";a:72:{i:0;i:0;i:1;i:0;i:2;i:0;i:3;i:0;i:4;i:3;i:5;i:3;i:6;i:5;i:7;i:0;i:8;i:5;i:9;i:3;i:10;i:0;i:11;i:0;i:12;i:0;i:13;i:0;i:14;i:8;i:15;i:20;i:16;i:5;i:17;i:3;i:18;i:0;i:19;i:0;i:20;i:0;i:21;i:0;i:22;i:0;i:23;i:0;i:24;i:3;i:25;i:5;i:26;i:0;i:27;i:5;i:28;i:0;i:29;i:0;i:30;i:0;i:31;i:0;i:32;i:0;i:33;i:0;i:34;i:0;i:35;i:0;i:36;i:0;i:37;i:0;i:38;i:0;i:39;i:3;i:40;i:13;i:41;i:28;i:42;i:43;i:43;i:15;i:44;i:23;i:45;i:25;i:46;i:13;i:47;i:10;i:48;i:5;i:49;i:8;i:50;i:5;i:51;i:0;i:52;i:0;i:53;i:0;i:54;i:0;i:55;i:0;i:56;i:0;i:57;i:0;i:58;i:0;i:59;i:0;i:60;i:0;i:61;i:0;i:62;i:3;i:63;i:2;i:64;i:1;i:65;i:0;i:66;i:0;i:67;i:0;i:68;i:0;i:69;i:0;i:70;i:0;i:71;i:0;}}}',1776705086),('novabite-cache-meteo:ordizia:2026042519','a:9:{s:8:\"latitude\";d:43.05;s:9:\"longitude\";d:-2.1800003;s:17:\"generationtime_ms\";d:0.20205974578857422;s:18:\"utc_offset_seconds\";i:7200;s:8:\"timezone\";s:13:\"Europe/Madrid\";s:21:\"timezone_abbreviation\";s:5:\"GMT+2\";s:9:\"elevation\";d:144;s:12:\"hourly_units\";a:3:{s:4:\"time\";s:7:\"iso8601\";s:13:\"precipitation\";s:2:\"mm\";s:25:\"precipitation_probability\";s:1:\"%\";}s:6:\"hourly\";a:3:{s:4:\"time\";a:72:{i:0;s:16:\"2026-04-20T00:00\";i:1;s:16:\"2026-04-20T01:00\";i:2;s:16:\"2026-04-20T02:00\";i:3;s:16:\"2026-04-20T03:00\";i:4;s:16:\"2026-04-20T04:00\";i:5;s:16:\"2026-04-20T05:00\";i:6;s:16:\"2026-04-20T06:00\";i:7;s:16:\"2026-04-20T07:00\";i:8;s:16:\"2026-04-20T08:00\";i:9;s:16:\"2026-04-20T09:00\";i:10;s:16:\"2026-04-20T10:00\";i:11;s:16:\"2026-04-20T11:00\";i:12;s:16:\"2026-04-20T12:00\";i:13;s:16:\"2026-04-20T13:00\";i:14;s:16:\"2026-04-20T14:00\";i:15;s:16:\"2026-04-20T15:00\";i:16;s:16:\"2026-04-20T16:00\";i:17;s:16:\"2026-04-20T17:00\";i:18;s:16:\"2026-04-20T18:00\";i:19;s:16:\"2026-04-20T19:00\";i:20;s:16:\"2026-04-20T20:00\";i:21;s:16:\"2026-04-20T21:00\";i:22;s:16:\"2026-04-20T22:00\";i:23;s:16:\"2026-04-20T23:00\";i:24;s:16:\"2026-04-21T00:00\";i:25;s:16:\"2026-04-21T01:00\";i:26;s:16:\"2026-04-21T02:00\";i:27;s:16:\"2026-04-21T03:00\";i:28;s:16:\"2026-04-21T04:00\";i:29;s:16:\"2026-04-21T05:00\";i:30;s:16:\"2026-04-21T06:00\";i:31;s:16:\"2026-04-21T07:00\";i:32;s:16:\"2026-04-21T08:00\";i:33;s:16:\"2026-04-21T09:00\";i:34;s:16:\"2026-04-21T10:00\";i:35;s:16:\"2026-04-21T11:00\";i:36;s:16:\"2026-04-21T12:00\";i:37;s:16:\"2026-04-21T13:00\";i:38;s:16:\"2026-04-21T14:00\";i:39;s:16:\"2026-04-21T15:00\";i:40;s:16:\"2026-04-21T16:00\";i:41;s:16:\"2026-04-21T17:00\";i:42;s:16:\"2026-04-21T18:00\";i:43;s:16:\"2026-04-21T19:00\";i:44;s:16:\"2026-04-21T20:00\";i:45;s:16:\"2026-04-21T21:00\";i:46;s:16:\"2026-04-21T22:00\";i:47;s:16:\"2026-04-21T23:00\";i:48;s:16:\"2026-04-22T00:00\";i:49;s:16:\"2026-04-22T01:00\";i:50;s:16:\"2026-04-22T02:00\";i:51;s:16:\"2026-04-22T03:00\";i:52;s:16:\"2026-04-22T04:00\";i:53;s:16:\"2026-04-22T05:00\";i:54;s:16:\"2026-04-22T06:00\";i:55;s:16:\"2026-04-22T07:00\";i:56;s:16:\"2026-04-22T08:00\";i:57;s:16:\"2026-04-22T09:00\";i:58;s:16:\"2026-04-22T10:00\";i:59;s:16:\"2026-04-22T11:00\";i:60;s:16:\"2026-04-22T12:00\";i:61;s:16:\"2026-04-22T13:00\";i:62;s:16:\"2026-04-22T14:00\";i:63;s:16:\"2026-04-22T15:00\";i:64;s:16:\"2026-04-22T16:00\";i:65;s:16:\"2026-04-22T17:00\";i:66;s:16:\"2026-04-22T18:00\";i:67;s:16:\"2026-04-22T19:00\";i:68;s:16:\"2026-04-22T20:00\";i:69;s:16:\"2026-04-22T21:00\";i:70;s:16:\"2026-04-22T22:00\";i:71;s:16:\"2026-04-22T23:00\";}s:13:\"precipitation\";a:72:{i:0;d:0;i:1;d:0;i:2;d:0;i:3;d:0;i:4;d:0;i:5;d:0;i:6;d:0;i:7;d:0;i:8;d:0;i:9;d:0;i:10;d:0;i:11;d:0;i:12;d:0;i:13;d:0;i:14;d:0;i:15;d:0;i:16;d:0;i:17;d:0;i:18;d:0;i:19;d:0;i:20;d:0;i:21;d:0;i:22;d:0;i:23;d:0;i:24;d:0;i:25;d:0;i:26;d:0;i:27;d:0;i:28;d:0;i:29;d:0;i:30;d:0;i:31;d:0;i:32;d:0;i:33;d:0;i:34;d:0;i:35;d:0;i:36;d:0;i:37;d:0;i:38;d:0;i:39;d:0;i:40;d:0;i:41;d:0;i:42;d:0;i:43;d:0;i:44;d:0;i:45;d:0.1;i:46;d:0;i:47;d:1.3;i:48;d:0;i:49;d:0;i:50;d:0;i:51;d:0;i:52;d:0;i:53;d:0;i:54;d:0;i:55;d:0;i:56;d:0;i:57;d:0;i:58;d:0;i:59;d:0;i:60;d:0;i:61;d:0;i:62;d:0;i:63;d:0;i:64;d:0;i:65;d:0;i:66;d:0;i:67;d:0;i:68;d:0;i:69;d:0;i:70;d:0;i:71;d:0;}s:25:\"precipitation_probability\";a:72:{i:0;i:0;i:1;i:0;i:2;i:0;i:3;i:0;i:4;i:3;i:5;i:3;i:6;i:5;i:7;i:0;i:8;i:5;i:9;i:3;i:10;i:0;i:11;i:0;i:12;i:0;i:13;i:0;i:14;i:8;i:15;i:18;i:16;i:10;i:17;i:5;i:18;i:0;i:19;i:0;i:20;i:0;i:21;i:0;i:22;i:0;i:23;i:0;i:24;i:0;i:25;i:0;i:26;i:0;i:27;i:3;i:28;i:0;i:29;i:0;i:30;i:0;i:31;i:0;i:32;i:0;i:33;i:0;i:34;i:0;i:35;i:0;i:36;i:0;i:37;i:0;i:38;i:0;i:39;i:3;i:40;i:15;i:41;i:38;i:42;i:15;i:43;i:10;i:44;i:33;i:45;i:25;i:46;i:18;i:47;i:10;i:48;i:13;i:49;i:3;i:50;i:3;i:51;i:3;i:52;i:0;i:53;i:0;i:54;i:0;i:55;i:0;i:56;i:3;i:57;i:3;i:58;i:3;i:59;i:3;i:60;i:2;i:61;i:1;i:62;i:0;i:63;i:1;i:64;i:2;i:65;i:3;i:66;i:2;i:67;i:1;i:68;i:0;i:69;i:0;i:70;i:0;i:71;i:0;}}}',1776698142);
/*!40000 ALTER TABLE `cache` ENABLE KEYS */;
UNLOCK TABLES;

--
-- Table structure for table `cache_locks`
--

DROP TABLE IF EXISTS `cache_locks`;
/*!40101 SET @saved_cs_client     = @@character_set_client */;
/*!50503 SET character_set_client = utf8mb4 */;
CREATE TABLE `cache_locks` (
  `key` varchar(255) CHARACTER SET utf8mb4 COLLATE utf8mb4_unicode_ci NOT NULL,
  `owner` varchar(255) CHARACTER SET utf8mb4 COLLATE utf8mb4_unicode_ci NOT NULL,
  `expiration` int NOT NULL,
  PRIMARY KEY (`key`)
) ENGINE=InnoDB DEFAULT CHARSET=utf8mb4 COLLATE=utf8mb4_unicode_ci;
/*!40101 SET character_set_client = @saved_cs_client */;

--
-- Dumping data for table `cache_locks`
--

LOCK TABLES `cache_locks` WRITE;
/*!40000 ALTER TABLE `cache_locks` DISABLE KEYS */;
/*!40000 ALTER TABLE `cache_locks` ENABLE KEYS */;
UNLOCK TABLES;

--
-- Table structure for table `erabiltzaileak`
--

DROP TABLE IF EXISTS `erabiltzaileak`;
/*!40101 SET @saved_cs_client     = @@character_set_client */;
/*!50503 SET character_set_client = utf8mb4 */;
CREATE TABLE `erabiltzaileak` (
  `id` bigint unsigned NOT NULL AUTO_INCREMENT,
  `izena` varchar(45) CHARACTER SET utf8mb4 COLLATE utf8mb4_unicode_ci NOT NULL,
  `abizena` varchar(45) CHARACTER SET utf8mb4 COLLATE utf8mb4_unicode_ci DEFAULT NULL,
  `email` varchar(45) CHARACTER SET utf8mb4 COLLATE utf8mb4_unicode_ci NOT NULL,
  `pasahitza` varchar(255) CHARACTER SET utf8mb4 COLLATE utf8mb4_unicode_ci NOT NULL,
  `telefonoa` varchar(45) CHARACTER SET utf8mb4 COLLATE utf8mb4_unicode_ci DEFAULT NULL,
  `email_verified_at` timestamp NULL DEFAULT NULL,
  `remember_token` varchar(100) CHARACTER SET utf8mb4 COLLATE utf8mb4_unicode_ci DEFAULT NULL,
  `two_factor_secret` text CHARACTER SET utf8mb4 COLLATE utf8mb4_unicode_ci,
  `two_factor_recovery_codes` text CHARACTER SET utf8mb4 COLLATE utf8mb4_unicode_ci,
  `two_factor_confirmed_at` timestamp NULL DEFAULT NULL,
  PRIMARY KEY (`id`),
  UNIQUE KEY `erabiltzaileak_email_unique` (`email`)
) ENGINE=InnoDB AUTO_INCREMENT=3 DEFAULT CHARSET=utf8mb4 COLLATE=utf8mb4_unicode_ci;
/*!40101 SET character_set_client = @saved_cs_client */;

--
-- Dumping data for table `erabiltzaileak`
--

LOCK TABLES `erabiltzaileak` WRITE;
/*!40000 ALTER TABLE `erabiltzaileak` DISABLE KEYS */;
INSERT INTO `erabiltzaileak` VALUES (2,'Beñat','Martin','b.martin.ulanga@gmail.com','$2y$12$kFMxkEpI.Xn8laf871Rc0OrmdLTi9sTkkuviD5UhqgyZLDZJshZ4u','637553126',NULL,NULL,NULL,NULL,NULL);
/*!40000 ALTER TABLE `erabiltzaileak` ENABLE KEYS */;
UNLOCK TABLES;

--
-- Table structure for table `erosketa`
--

DROP TABLE IF EXISTS `erosketa`;
/*!40101 SET @saved_cs_client     = @@character_set_client */;
/*!50503 SET character_set_client = utf8mb4 */;
CREATE TABLE `erosketa` (
  `id` int NOT NULL AUTO_INCREMENT,
  `hornitzailea_id` int NOT NULL,
  `osagaia_id` int DEFAULT NULL,
  `prezioa` double NOT NULL,
  `kantitatea` int NOT NULL,
  `materiala_id` int DEFAULT NULL,
  PRIMARY KEY (`id`),
  KEY `hornitzailea_id_idx` (`hornitzailea_id`),
  KEY `osagaia_id_idx` (`osagaia_id`),
  KEY `materiala_id_idx` (`materiala_id`),
  CONSTRAINT `hornitzailea_id` FOREIGN KEY (`hornitzailea_id`) REFERENCES `hornitzaileak` (`id`),
  CONSTRAINT `materiala_id` FOREIGN KEY (`materiala_id`) REFERENCES `materialak` (`id`),
  CONSTRAINT `osagaia_id` FOREIGN KEY (`osagaia_id`) REFERENCES `osagaiak` (`id`)
) ENGINE=InnoDB AUTO_INCREMENT=20 DEFAULT CHARSET=utf8mb4 COLLATE=utf8mb4_0900_ai_ci;
/*!40101 SET character_set_client = @saved_cs_client */;

--
-- Dumping data for table `erosketa`
--

LOCK TABLES `erosketa` WRITE;
/*!40000 ALTER TABLE `erosketa` DISABLE KEYS */;
INSERT INTO `erosketa` VALUES (1,1,1,18.5,10,NULL),(2,2,2,9.6,12,NULL),(3,3,6,7.2,6,NULL),(4,1,NULL,48,24,1),(5,2,NULL,36,18,2);
/*!40000 ALTER TABLE `erosketa` ENABLE KEYS */;
UNLOCK TABLES;

--
-- Table structure for table `erreserbak`
--

DROP TABLE IF EXISTS `erreserbak`;
/*!40101 SET @saved_cs_client     = @@character_set_client */;
/*!50503 SET character_set_client = utf8mb4 */;
CREATE TABLE `erreserbak` (
  `id` int NOT NULL AUTO_INCREMENT,
  `bezero_izena` varchar(45) COLLATE utf8mb4_unicode_ci NOT NULL,
  `telefonoa` varchar(45) COLLATE utf8mb4_unicode_ci NOT NULL,
  `pertsona_kopurua` int unsigned NOT NULL,
  `eguna_ordua` datetime NOT NULL,
  `prezio_totala` double NOT NULL DEFAULT '0',
  `ordainduta` tinyint(1) NOT NULL DEFAULT '0',
  `faktura_ruta` varchar(255) COLLATE utf8mb4_unicode_ci DEFAULT NULL,
  `langileak_id` int NOT NULL,
  `mahaiak_id` int NOT NULL,
  PRIMARY KEY (`id`,`langileak_id`,`mahaiak_id`),
  UNIQUE KEY `erreserbak_id_unique` (`id`),
  KEY `erreserbak_langileak_id_foreign` (`langileak_id`),
  KEY `erreserbak_mahaiak_id_foreign` (`mahaiak_id`),
  CONSTRAINT `erreserbak_langileak_id_foreign` FOREIGN KEY (`langileak_id`) REFERENCES `langileak` (`id`),
  CONSTRAINT `erreserbak_mahaiak_id_foreign` FOREIGN KEY (`mahaiak_id`) REFERENCES `mahaiak` (`id`)
) ENGINE=InnoDB AUTO_INCREMENT=11 DEFAULT CHARSET=utf8mb4 COLLATE=utf8mb4_unicode_ci;
/*!40101 SET character_set_client = @saved_cs_client */;

--
-- Dumping data for table `erreserbak`
--

LOCK TABLES `erreserbak` WRITE;
/*!40000 ALTER TABLE `erreserbak` DISABLE KEYS */;
INSERT INTO `erreserbak` VALUES (2,'Beñat Martin','637553126',2,'2026-04-20 20:00:00',0,0,NULL,1,2),(3,'Beñat Martin','637553126',2,'2026-04-20 20:00:00',0,0,NULL,1,3),(4,'Beñat Martin','637553126',2,'2026-04-20 20:00:00',0,0,NULL,1,6),(6,'Beñat Martin','637553126',2,'2026-04-20 20:30:00',0,0,NULL,1,2),(9,'Beñat Martin','637553126',2,'2026-04-21 19:30:00',0,0,NULL,1,2);
/*!40000 ALTER TABLE `erreserbak` ENABLE KEYS */;
UNLOCK TABLES;

-- Table structure for table `eskariak`
--

DROP TABLE IF EXISTS `eskariak`;
/*!40101 SET @saved_cs_client     = @@character_set_client */;
/*!50503 SET character_set_client = utf8mb4 */;
CREATE TABLE `eskariak` (
  `id` int NOT NULL AUTO_INCREMENT,
  `prezioa` double NOT NULL,
  `guztira_bruto` double NOT NULL DEFAULT '0',
  `deskontu_kopurua` double NOT NULL DEFAULT '0',
  `deskontu_kodea` varchar(60) DEFAULT NULL,
  `deskontu_mota` varchar(30) DEFAULT NULL,
  `deskontu_balioa` double DEFAULT NULL,
  `egoera` varchar(45) NOT NULL,
  `erreserbak_id` int NOT NULL,
  `erreserbak_langileak_id` int NOT NULL,
  `erreserbak_mahaiak_id` int NOT NULL,
  PRIMARY KEY (`id`),
  KEY `fk_eskariak_erreserbak1_idx` (`erreserbak_id`,`erreserbak_langileak_id`,`erreserbak_mahaiak_id`),
  KEY `erreserbak_id` (`erreserbak_id`),
  KEY `erreserbak_langileak_id` (`erreserbak_langileak_id`),
  KEY `erreserbak_mahaiak_id` (`erreserbak_mahaiak_id`),
  CONSTRAINT `FK_82A96F40` FOREIGN KEY (`erreserbak_id`) REFERENCES `erreserbak` (`id`),
  CONSTRAINT `FK_8E810A89` FOREIGN KEY (`erreserbak_mahaiak_id`) REFERENCES `mahaiak` (`id`),
  CONSTRAINT `FK_A612A34C` FOREIGN KEY (`erreserbak_langileak_id`) REFERENCES `langileak` (`id`),
  CONSTRAINT `fk_eskariak_erreserbak1` FOREIGN KEY (`erreserbak_id`, `erreserbak_langileak_id`, `erreserbak_mahaiak_id`) REFERENCES `erreserbak` (`id`, `langileak_id`, `mahaiak_id`)
) ENGINE=InnoDB AUTO_INCREMENT=71 DEFAULT CHARSET=utf8mb3;
/*!40101 SET character_set_client = @saved_cs_client */;

--
-- Dumping data for table `eskariak`
--

LOCK TABLES `eskariak` WRITE;
/*!40000 ALTER TABLE `eskariak` DISABLE KEYS */;
INSERT INTO `eskariak` (`id`, `prezioa`, `guztira_bruto`, `deskontu_kopurua`, `deskontu_kodea`, `deskontu_mota`, `deskontu_balioa`, `egoera`, `erreserbak_id`, `erreserbak_langileak_id`, `erreserbak_mahaiak_id`) VALUES
(2,31,31,0,NULL,NULL,NULL,'amaituta',2,4,5),
(3,96,96,0,NULL,NULL,NULL,'zerbitzatuta',3,2,7);
/*!40000 ALTER TABLE `eskariak` ENABLE KEYS */;
UNLOCK TABLES;

--
-- Table structure for table `eskariak_has_produktuak`
--

DROP TABLE IF EXISTS `eskariak_has_produktuak`;
/*!40101 SET @saved_cs_client     = @@character_set_client */;
/*!50503 SET character_set_client = utf8mb4 */;
CREATE TABLE `eskariak_has_produktuak` (
  `eskariak_id` int NOT NULL,
  `produktuak_id` int NOT NULL,
  `kantitatea` int NOT NULL,
  `prezioa` double NOT NULL,
  PRIMARY KEY (`eskariak_id`,`produktuak_id`),
  KEY `fk_eskariak_has_produktuak_produktuak1_idx` (`produktuak_id`),
  KEY `fk_eskariak_has_produktuak_eskariak1_idx` (`eskariak_id`),
  KEY `eskariak_id` (`eskariak_id`),
  KEY `produktuak_id` (`produktuak_id`),
  CONSTRAINT `FK_496A0619` FOREIGN KEY (`produktuak_id`) REFERENCES `produktuak` (`id`),
  CONSTRAINT `FK_E9A6D6AA` FOREIGN KEY (`eskariak_id`) REFERENCES `eskariak` (`id`),
  CONSTRAINT `fk_eskariak_has_produktuak_eskariak1` FOREIGN KEY (`eskariak_id`) REFERENCES `eskariak` (`id`),
  CONSTRAINT `fk_eskariak_has_produktuak_produktuak1` FOREIGN KEY (`produktuak_id`) REFERENCES `produktuak` (`id`)
) ENGINE=InnoDB DEFAULT CHARSET=utf8mb3;
/*!40101 SET character_set_client = @saved_cs_client */;

--
-- Dumping data for table `eskariak_has_produktuak`
--

LOCK TABLES `eskariak_has_produktuak` WRITE;
/*!40000 ALTER TABLE `eskariak_has_produktuak` DISABLE KEYS */;
INSERT INTO `eskariak_has_produktuak` VALUES (2,2,1,11.5),(2,7,1,6.5),(2,8,1,13),(3,3,2,25),(3,4,2,17),(3,5,4,6),(3,6,4,8);
/*!40000 ALTER TABLE `eskariak_has_produktuak` ENABLE KEYS */;
UNLOCK TABLES;

--
-- Table structure for table `hornitzaileak`
--

DROP TABLE IF EXISTS `hornitzaileak`;
/*!40101 SET @saved_cs_client     = @@character_set_client */;
/*!50503 SET character_set_client = utf8mb4 */;
CREATE TABLE `hornitzaileak` (
  `id` int NOT NULL AUTO_INCREMENT,
  `izena` varchar(45) NOT NULL,
  `kontaktua` varchar(50) NOT NULL,
  `helbidea` varchar(100) NOT NULL,
  PRIMARY KEY (`id`)
) ENGINE=InnoDB AUTO_INCREMENT=39 DEFAULT CHARSET=utf8mb3;
/*!40101 SET character_set_client = @saved_cs_client */;

--
-- Dumping data for table `hornitzaileak`
--

LOCK TABLES `hornitzaileak` WRITE;
/*!40000 ALTER TABLE `hornitzaileak` DISABLE KEYS */;
INSERT INTO `hornitzaileak` VALUES (1,'Baserri Fresh','944000111','Bilbo, Zorrotzaurre 12'),(2,'Edari Banaketa','943111222','Donostia, Portua 8'),(3,'Ipar Haragia','945222333','Gasteiz, Industrialdea 4');
/*!40000 ALTER TABLE `hornitzaileak` ENABLE KEYS */;
UNLOCK TABLES;

--
-- Table structure for table `langileak`
--

DROP TABLE IF EXISTS `langileak`;
/*!40101 SET @saved_cs_client     = @@character_set_client */;
/*!50503 SET character_set_client = utf8mb4 */;
CREATE TABLE `langileak` (
  `id` int NOT NULL AUTO_INCREMENT,
  `izena` varchar(20) NOT NULL,
  `abizena` varchar(45) NOT NULL,
  `erabiltzaile_izena` varchar(20) NOT NULL,
  `langile_kodea` int NOT NULL,
  `pasahitza` longtext NOT NULL,
  `rola_id` int NOT NULL,
  `ezabatua` tinyint(1) NOT NULL DEFAULT '0',
  `chat` tinyint(1) NOT NULL DEFAULT '0',
  PRIMARY KEY (`id`),
  KEY `fk_langileak_rola` (`rola_id`),
  CONSTRAINT `fk_langileak_rola` FOREIGN KEY (`rola_id`) REFERENCES `rolak` (`id`)
) ENGINE=InnoDB AUTO_INCREMENT=21 DEFAULT CHARSET=utf8mb3;
/*!40101 SET character_set_client = @saved_cs_client */;

--
-- Dumping data for table `langileak`
--

LOCK TABLES `langileak` WRITE;
/*!40000 ALTER TABLE `langileak` DISABLE KEYS */;
INSERT INTO `langileak` VALUES (1,'Aitor','Auzmend','Admin',1,'123',1,0,0),(2,'Leire','Agirre','leire',1002,'1234',2,0,1),(3,'Unai','Mendizabal','unai',1003,'1234',3,0,0),(4,'June','Ibarra','june',1004,'1234',2,0,1),(5,'Mikel','Otaegi','mikel',1005,'1234',3,0,0);
/*!40000 ALTER TABLE `langileak` ENABLE KEYS */;
UNLOCK TABLES;

--
-- Table structure for table `mahaiak`
--

DROP TABLE IF EXISTS `mahaiak`;
/*!40101 SET @saved_cs_client     = @@character_set_client */;
/*!50503 SET character_set_client = utf8mb4 */;
CREATE TABLE `mahaiak` (
  `id` int NOT NULL AUTO_INCREMENT,
  `zenbakia` int DEFAULT NULL,
  `pertsona_kopurua` int DEFAULT NULL,
  `kokapena` varchar(255) DEFAULT NULL,
  PRIMARY KEY (`id`)
) ENGINE=InnoDB AUTO_INCREMENT=9 DEFAULT CHARSET=utf8mb4 COLLATE=utf8mb4_0900_ai_ci;
/*!40101 SET character_set_client = @saved_cs_client */;

--
-- Dumping data for table `mahaiak`
--

LOCK TABLES `mahaiak` WRITE;
/*!40000 ALTER TABLE `mahaiak` DISABLE KEYS */;
INSERT INTO `mahaiak` VALUES (1,1,2,'barra'),(2,2,4,'interior'),(3,3,4,'interior'),(4,4,6,'terraza'),(5,5,2,'terraza'),(6,6,8,'interior'),(7,7,6,'terraza'),(8,8,10,'ekitaldi');
/*!40000 ALTER TABLE `mahaiak` ENABLE KEYS */;
UNLOCK TABLES;

--
-- Table structure for table `materialak`
--

DROP TABLE IF EXISTS `materialak`;
/*!40101 SET @saved_cs_client     = @@character_set_client */;
/*!50503 SET character_set_client = utf8mb4 */;
CREATE TABLE `materialak` (
  `id` int NOT NULL AUTO_INCREMENT,
  `izena` varchar(40) NOT NULL,
  `prezioa` double NOT NULL,
  `stock` int NOT NULL,
  `hornitzaileak_id` int NOT NULL,
  PRIMARY KEY (`id`),
  KEY `fk_materialak_hornitzaileak1_idx` (`hornitzaileak_id`),
  CONSTRAINT `fk_materialak_hornitzaileak1` FOREIGN KEY (`hornitzaileak_id`) REFERENCES `hornitzaileak` (`id`)
) ENGINE=InnoDB AUTO_INCREMENT=28 DEFAULT CHARSET=utf8mb3;
/*!40101 SET character_set_client = @saved_cs_client */;

--
-- Dumping data for table `materialak`
--

LOCK TABLES `materialak` WRITE;
/*!40000 ALTER TABLE `materialak` DISABLE KEYS */;
INSERT INTO `materialak` VALUES (1,'Kutxak',2,120,1),(2,'Ezpainzapiak',1.5,200,2),(3,'Plater txikiak',3.2,80,1);
/*!40000 ALTER TABLE `materialak` ENABLE KEYS */;
UNLOCK TABLES;

--
-- Table structure for table `migrations`
--

DROP TABLE IF EXISTS `migrations`;
/*!40101 SET @saved_cs_client     = @@character_set_client */;
/*!50503 SET character_set_client = utf8mb4 */;
CREATE TABLE `migrations` (
  `id` int unsigned NOT NULL AUTO_INCREMENT,
  `migration` varchar(255) CHARACTER SET utf8mb4 COLLATE utf8mb4_unicode_ci NOT NULL,
  `batch` int NOT NULL,
  PRIMARY KEY (`id`)
) ENGINE=InnoDB AUTO_INCREMENT=8 DEFAULT CHARSET=utf8mb4 COLLATE=utf8mb4_unicode_ci;
/*!40101 SET character_set_client = @saved_cs_client */;

--
-- Dumping data for table `migrations`
--

LOCK TABLES `migrations` WRITE;
/*!40000 ALTER TABLE `migrations` DISABLE KEYS */;
INSERT INTO `migrations` VALUES (1,'2025_01_21_000000_create_sushinelli_schema',1),(2,'2026_01_26_141058_remove_timestamps_from_all_tables',1),(3,'2026_01_27_000000_add_two_factor_columns_to_erabiltzaileak_table',1),(4,'2026_01_30_144118_fix_incorrect_product_types',1),(7,'2026_04_16_000000_ensure_2erronka_compatibility',2);
/*!40000 ALTER TABLE `migrations` ENABLE KEYS */;
UNLOCK TABLES;

--
-- Table structure for table `osagaiak`
--

DROP TABLE IF EXISTS `osagaiak`;
/*!40101 SET @saved_cs_client     = @@character_set_client */;
/*!50503 SET character_set_client = utf8mb4 */;
CREATE TABLE `osagaiak` (
  `id` int NOT NULL AUTO_INCREMENT,
  `izena` varchar(20) NOT NULL,
  `prezioa` double NOT NULL,
  `stock` int NOT NULL,
  `hornitzaileak_id` int NOT NULL,
  PRIMARY KEY (`id`),
  KEY `fk_osagaiak_hornitzaileak1_idx` (`hornitzaileak_id`),
  CONSTRAINT `fk_osagaiak_hornitzaileak1` FOREIGN KEY (`hornitzaileak_id`) REFERENCES `hornitzaileak` (`id`)
) ENGINE=InnoDB AUTO_INCREMENT=216 DEFAULT CHARSET=utf8mb3;
/*!40101 SET character_set_client = @saved_cs_client */;

--
-- Dumping data for table `osagaiak`
--

LOCK TABLES `osagaiak` WRITE;
/*!40000 ALTER TABLE `osagaiak` DISABLE KEYS */;
INSERT INTO `osagaiak` VALUES (1,'Ogia',0.45,80,1),(2,'Tomatea',0.3,60,1),(3,'Urdaiazpikoa',1.1,35,3),(4,'Gazta',0.8,40,3),(5,'Letxuga',0.25,30,1),(6,'Oilaskoa',1.6,25,3),(7,'Kafe aleak',0.2,120,2),(8,'Ura',0.15,200,2),(9,'Pasta orea',0.9,28,1),(10,'Arrautza',0.22,90,1),(11,'Patatak',0.35,75,1),(12,'Hanburgesa haragia',1.9,22,3);
/*!40000 ALTER TABLE `osagaiak` ENABLE KEYS */;
UNLOCK TABLES;

--
-- Table structure for table `password_reset_tokens`
--

DROP TABLE IF EXISTS `password_reset_tokens`;
/*!40101 SET @saved_cs_client     = @@character_set_client */;
/*!50503 SET character_set_client = utf8mb4 */;
CREATE TABLE `password_reset_tokens` (
  `email` varchar(255) CHARACTER SET utf8mb4 COLLATE utf8mb4_unicode_ci NOT NULL,
  `token` varchar(255) CHARACTER SET utf8mb4 COLLATE utf8mb4_unicode_ci NOT NULL,
  `created_at` timestamp NULL DEFAULT NULL,
  PRIMARY KEY (`email`)
) ENGINE=InnoDB DEFAULT CHARSET=utf8mb4 COLLATE=utf8mb4_unicode_ci;
/*!40101 SET character_set_client = @saved_cs_client */;

--
-- Dumping data for table `password_reset_tokens`
--

LOCK TABLES `password_reset_tokens` WRITE;
/*!40000 ALTER TABLE `password_reset_tokens` DISABLE KEYS */;
/*!40000 ALTER TABLE `password_reset_tokens` ENABLE KEYS */;
UNLOCK TABLES;

--
-- Table structure for table `produktuak`
--

DROP TABLE IF EXISTS `produktuak`;
/*!40101 SET @saved_cs_client     = @@character_set_client */;
/*!50503 SET character_set_client = utf8mb4 */;
CREATE TABLE `produktuak` (
  `id` int NOT NULL AUTO_INCREMENT,
  `izena` varchar(60) NOT NULL,
  `prezioa` double NOT NULL,
  `mota` varchar(20) NOT NULL,
  `stock` int NOT NULL,
  PRIMARY KEY (`id`)
) ENGINE=InnoDB AUTO_INCREMENT=56 DEFAULT CHARSET=utf8mb3;
/*!40101 SET character_set_client = @saved_cs_client */;

--
-- Dumping data for table `produktuak`
--

LOCK TABLES `produktuak` WRITE;
/*!40000 ALTER TABLE `produktuak` DISABLE KEYS */;
INSERT INTO `produktuak` VALUES (1,'Hanburgesa klasikoa',12,'Hanburgesa',18),(2,'Caesar entsalada',11.5,'Entsalada',14),(3,'Pizza margarita',12.5,'Pizza',10),(4,'Kroketak',8.5,'Entranteak',24),(5,'Kafea',1.5,'Edaria',90),(6,'Ura 50cl',2,'Edaria',120),(7,'Sandwich mistoa',6.5,'Sandwich',20),(8,'Txuleta',13,'Haragia',12);
/*!40000 ALTER TABLE `produktuak` ENABLE KEYS */;
UNLOCK TABLES;

--
-- Table structure for table `produktuak_has_osagaiak`
--

DROP TABLE IF EXISTS `produktuak_has_osagaiak`;
/*!40101 SET @saved_cs_client     = @@character_set_client */;
/*!50503 SET character_set_client = utf8mb4 */;
CREATE TABLE `produktuak_has_osagaiak` (
  `produktuak_id` int NOT NULL,
  `osagaiak_id` int NOT NULL,
  `kantitatea` int NOT NULL,
  PRIMARY KEY (`produktuak_id`,`osagaiak_id`),
  KEY `fk_produktuak_has_osagaiak_osagaiak1_idx` (`osagaiak_id`),
  KEY `fk_produktuak_has_osagaiak_produktuak1_idx` (`produktuak_id`),
  KEY `produktuak_id` (`produktuak_id`),
  KEY `osagaiak_id` (`osagaiak_id`),
  CONSTRAINT `FK_200FAAF` FOREIGN KEY (`osagaiak_id`) REFERENCES `osagaiak` (`id`),
  CONSTRAINT `FK_980955FB` FOREIGN KEY (`produktuak_id`) REFERENCES `produktuak` (`id`),
  CONSTRAINT `fk_produktuak_has_osagaiak_osagaiak1` FOREIGN KEY (`osagaiak_id`) REFERENCES `osagaiak` (`id`),
  CONSTRAINT `fk_produktuak_has_osagaiak_produktuak1` FOREIGN KEY (`produktuak_id`) REFERENCES `produktuak` (`id`)
) ENGINE=InnoDB DEFAULT CHARSET=utf8mb3;
/*!40101 SET character_set_client = @saved_cs_client */;

--
-- Dumping data for table `produktuak_has_osagaiak`
--

LOCK TABLES `produktuak_has_osagaiak` WRITE;
/*!40000 ALTER TABLE `produktuak_has_osagaiak` DISABLE KEYS */;
INSERT INTO `produktuak_has_osagaiak` VALUES (1,1,1),(1,2,1),(1,4,1),(1,12,1),(2,2,1),(2,4,1),(2,5,1),(2,6,1),(3,2,2),(3,4,2),(3,9,1),(4,4,1),(4,10,2),(5,7,1),(6,8,1),(7,1,2),(7,3,1),(7,4,1),(8,11,2),(8,12,1);
/*!40000 ALTER TABLE `produktuak_has_osagaiak` ENABLE KEYS */;
UNLOCK TABLES;

--
-- Table structure for table `rolak`
--

DROP TABLE IF EXISTS `rolak`;
/*!40101 SET @saved_cs_client     = @@character_set_client */;
/*!50503 SET character_set_client = utf8mb4 */;
CREATE TABLE `rolak` (
  `id` int NOT NULL AUTO_INCREMENT,
  `izena` varchar(50) NOT NULL,
  PRIMARY KEY (`id`),
  UNIQUE KEY `uq_rolak_izena` (`izena`)
) ENGINE=InnoDB AUTO_INCREMENT=5 DEFAULT CHARSET=utf8mb4 COLLATE=utf8mb4_0900_ai_ci;
/*!40101 SET character_set_client = @saved_cs_client */;

--
-- Dumping data for table `rolak`
--

LOCK TABLES `rolak` WRITE;
/*!40000 ALTER TABLE `rolak` DISABLE KEYS */;
INSERT INTO `rolak` VALUES (1,'administratzailea'),(3,'sukaldaria'),(2,'zerbitzaria');
/*!40000 ALTER TABLE `rolak` ENABLE KEYS */;
UNLOCK TABLES;

--
-- Table structure for table `sessions`
--

DROP TABLE IF EXISTS `sessions`;
/*!40101 SET @saved_cs_client     = @@character_set_client */;
/*!50503 SET character_set_client = utf8mb4 */;
CREATE TABLE `sessions` (
  `id` varchar(255) CHARACTER SET utf8mb4 COLLATE utf8mb4_unicode_ci NOT NULL,
  `user_id` bigint unsigned DEFAULT NULL,
  `ip_address` varchar(45) CHARACTER SET utf8mb4 COLLATE utf8mb4_unicode_ci DEFAULT NULL,
  `user_agent` text CHARACTER SET utf8mb4 COLLATE utf8mb4_unicode_ci,
  `payload` longtext CHARACTER SET utf8mb4 COLLATE utf8mb4_unicode_ci NOT NULL,
  `last_activity` int NOT NULL,
  PRIMARY KEY (`id`),
  KEY `sessions_user_id_index` (`user_id`),
  KEY `sessions_last_activity_index` (`last_activity`)
) ENGINE=InnoDB DEFAULT CHARSET=utf8mb4 COLLATE=utf8mb4_unicode_ci;
/*!40101 SET character_set_client = @saved_cs_client */;

--
-- Dumping data for table `sessions`
--

LOCK TABLES `sessions` WRITE;
/*!40000 ALTER TABLE `sessions` DISABLE KEYS */;
INSERT INTO `sessions` VALUES ('Fv74tpTKmy4DHw87VRw5GNRfZ55bHDUX6hpLLayb',2,'192.168.1.11','Mozilla/5.0 (Windows NT 10.0; Win64; x64; rv:149.0) Gecko/20100101 Firefox/149.0','YTo0OntzOjY6Il90b2tlbiI7czo0MDoid21yVXE5aW5uMHpyclBuYVRuU2VYREY0YmVlM2tGZFRzWGh0Y3JFZiI7czo5OiJfcHJldmlvdXMiO2E6Mjp7czozOiJ1cmwiO3M6MjQ6Imh0dHA6Ly8xOTIuMTY4LjEuMTE6ODAwMCI7czo1OiJyb3V0ZSI7czo0OiJob21lIjt9czo2OiJfZmxhc2giO2E6Mjp7czozOiJvbGQiO2E6MDp7fXM6MzoibmV3IjthOjA6e319czo1MDoibG9naW5fd2ViXzU5YmEzNmFkZGMyYjJmOTQwMTU4MGYwMTRjN2Y1OGVhNGUzMDk4OWQiO2k6Mjt9',1776772020),('hkaLIx6TAEaP5cWCIeo6OfUx2fTtBn0xn78KDXSh',2,'172.20.10.1','Mozilla/5.0 (iPhone; CPU iPhone OS 26_3_1 like Mac OS X) AppleWebKit/605.1.15 (KHTML, like Gecko) CriOS/147.0.7727.99 Mobile/15E148 Safari/604.1','YTo1OntzOjY6Il90b2tlbiI7czo0MDoid0xTRW8xV3NEV3JkcTJmQ3ZPSmlNU1RsQUhETlF1WGtuZ3c0eDdUMCI7czo5OiJfcHJldmlvdXMiO2E6Mjp7czozOiJ1cmwiO3M6MzI6Imh0dHA6Ly8xNzIuMjAuMTAuMjo4MDAwL3Jlc2VydmFzIjtzOjU6InJvdXRlIjtzOjg6InJlc2VydmFzIjt9czo2OiJfZmxhc2giO2E6Mjp7czozOiJvbGQiO2E6MDp7fXM6MzoibmV3IjthOjA6e319czozOiJ1cmwiO2E6MDp7fXM6NTA6ImxvZ2luX3dlYl81OWJhMzZhZGRjMmIyZjk0MDE1ODBmMDE0YzdmNThlYTRlMzA5ODlkIjtpOjI7fQ==',1776772590),('VpvJz3m9DSOH0Fb0Lpo9OAVJDxecpBvjsGyW8sz4',2,'172.20.10.2','Mozilla/5.0 (Windows NT 10.0; Win64; x64; rv:149.0) Gecko/20100101 Firefox/149.0','YTo0OntzOjY6Il90b2tlbiI7czo0MDoic09DUFFVeEt1NzI1ZzFqNGFrbktFMFFXTzV5N21hSWdRVGxVSXd6diI7czo5OiJfcHJldmlvdXMiO2E6Mjp7czozOiJ1cmwiO3M6MzI6Imh0dHA6Ly8xNzIuMjAuMTAuMjo4MDAwL3Jlc2VydmFzIjtzOjU6InJvdXRlIjtzOjg6InJlc2VydmFzIjt9czo2OiJfZmxhc2giO2E6Mjp7czozOiJvbGQiO2E6MDp7fXM6MzoibmV3IjthOjA6e319czo1MDoibG9naW5fd2ViXzU5YmEzNmFkZGMyYjJmOTQwMTU4MGYwMTRjN2Y1OGVhNGUzMDk4OWQiO2k6Mjt9',1776776089);
/*!40000 ALTER TABLE `sessions` ENABLE KEYS */;
UNLOCK TABLES;
/*!40103 SET TIME_ZONE=@OLD_TIME_ZONE */;

/*!40101 SET SQL_MODE=@OLD_SQL_MODE */;
/*!40014 SET FOREIGN_KEY_CHECKS=@OLD_FOREIGN_KEY_CHECKS */;
/*!40014 SET UNIQUE_CHECKS=@OLD_UNIQUE_CHECKS */;
/*!40101 SET CHARACTER_SET_CLIENT=@OLD_CHARACTER_SET_CLIENT */;
/*!40101 SET CHARACTER_SET_RESULTS=@OLD_CHARACTER_SET_RESULTS */;
/*!40101 SET COLLATION_CONNECTION=@OLD_COLLATION_CONNECTION */;
/*!40111 SET SQL_NOTES=@OLD_SQL_NOTES */;

-- Dump completed on 2026-04-22 16:31:27
